status,skip_reason,record_id,figure,term,state_code,year,title,url
inserted,,715,Mimih,Mimih,NT,2007,Indigenous Spirit and Ghost Folklore of “Settled” Australia,https://doi.org/10.1080/00155870701337346
inserted,,716,Quinkan,Quinkan,QLD,1995,"Quinkan prehistory : the archaeology of aboriginal art in S.E. Cape York Peninsula, Australia",http://ci.nii.ac.jp/ncid/BA62554377
inserted,,717,Quinkan,Quinkan,QLD,1995,"Quinkan Prehistory: The Archaeology of Aboriginal Art in S.E. Cape York Peninsula, Australia by M.J. Morwood & D.R. Hobbs (eds)",https://www.library.uq.edu.au/ojs/index.php/aa/article/download/1102/1098
inserted,,718,Quinkan,Quinkan,QLD,2023,"Glass beads in a Dillybag: a cached assemblage from a rockshelter in Quinkan Country, Cape York Peninsula, Queensland, Australia",https://doi.org/10.1080/00438243.2024.2425275
inserted,,719,Quinkan,Quinkan,QLD,2024,"CATEGORISING CATFISH, JEWFISH AND EEL MOTIFS IN LAURA (QUINKAN) ROCK ART, CAPE YORK PENINSULA, AUSTRALIA",http://dx.doi.org/10.56801/rar.v41i1.271
inserted,,720,Quinkan,Quinkan,QLD,2008,"A new species of velvet gecko (Diplodactylidae: Oedura) from north-east Queensland, Australia",https://doi.org/10.11646/zootaxa.1788.1.2
inserted,,721,Quinkan,Quinkan,QLD,2003,Dublin Core: the base for an Indigenous culture environment?,https://openalex.org/W319165098
inserted,,722,Quinkan,Quinkan,QLD,2021,"New bee species from northern Queensland, Australia (Hymenoptera: Colletidae, Halictidae, Megachilidae)",https://doi.org/10.1111/aen.12572
inserted,,723,Quinkan,Quinkan,QLD,2019,"Indigenous Rock Art Tourism in Australia: Contexts, Trajectories, and Multifaceted Realities",https://doi.org/10.3390/arts8040162
inserted,,724,Quinkan,Quinkan,QLD,1979,"Two New Species of Skinks, Genus Ctenotus (Reptilia Lacertilia, Scincidae), from Cape York Peninsula, Queensland, Australia",https://doi.org/10.2307/1563319
inserted,,725,Quinkan,Quinkan,QLD,1995,"Quinkan Prehistory: The Archaeology of Aboriginal Art in S.E. Cape York Peninsula, Australia [Book Review]",http://search.informit.com.au/fullText;dn=600914304690970;res=IELHSS
inserted,,726,Quinkan,Quinkan,QLD,2013,Ancient Art and Modern Australians: Continuity in the Laura Art System (Cape York Peninsula),https://doi.org/10.4000/palethnologie.4379
inserted,,727,Quinkan,Quinkan,QLD,2023,"Discovering the Quinkans: Adventures of a Young Geographer, Long Ago, in a Place Far Away",http://dx.doi.org/10.1353/pcg.2023.a913570
inserted,,728,Quinkan,Quinkan,QLD,2004,(re)collections: developing a metadata application profile for the Quinkan Culture Matchbox,https://researchonline.jcu.edu.au/1135/2/02whole.pdf
inserted,,729,Quinkan,Quinkan,QLD,1996,Review,https://doi.org/10.1002/j.1834-4453.1996.tb00347.x
skipped,noise:SIV,,Quinkan,Quinkan,,2025,Paraplectanoides crassipes Keyserling 1886,https://doi.org/10.5281/zenodo.20503899
inserted,,730,Quinkan,Quinkan,QLD,2007,Dr George Musgrave 1920-2006,https://www.questia.com/library/journal/1G1-169134527/dr-george-musgrave-1920-2006
skipped,duplicate_existing_record,,Quinkan,Quinkan,,2025,Paraplectanoides crassipes Keyserling 1886,http://treatment.plazi.org/id/C82BCC01FFEFF5771E523A82A0B822A9
inserted,,731,Quinkan,Quinkan,WA,2005,Percy Trezise OA 1923-2005,https://search.informit.com.au/fullText;dn=434967488264586;res=IELIND
skipped,duplicate_existing_record,,Quinkan,Quinkan,,2023,Editorial Notes,http://dx.doi.org/10.1353/pcg.2023.a913566
inserted,,732,Wandjina,Wandjina,WA,1970,"The Art of the Wandjina: Aboriginal Cave Paintings in Kimberley, Western Australia.",https://doi.org/10.2307/2798867
inserted,,733,Wandjina,Wandjina,WA,2014,"The first Australian Synchrotron powder diffraction analysis of pigment from a Wandjina motif in the Kimberley, Western Australia",https://doi.org/10.1080/03122417.2014.11681996
inserted,,734,Wandjina,Wandjina,WA,1964,THE AUSTRALIAN EVOLUTION OF THE WANDJINAS FROM RAINCLOUDS,https://doi.org/10.1002/j.1834-4461.1964.tb00259.x
inserted,,735,Wandjina,Wandjina,WA,2012,Evidence of ENSO mega‐drought triggered collapse of prehistory Aboriginal society in northwest Australia,https://doi.org/10.1029/2012gl053916
inserted,,736,Wandjina,Wandjina,WA,1988,Repainting of images on rock in Australia and the maintenance of Aboriginal culture,https://doi.org/10.1017/s0003598x00075086
inserted,,737,Wandjina,Wandjina,WA,2009,"Wandjina, graffiti and heritage: The power and politics of enduring imagery",https://doi.org/10.22459/hr.xv.02.2009.10
skipped,duplicate_existing_record,,Wandjina,Wandjina,,2007,Cosmogenic mega-tsunami in the Australia region: are they supported by Aboriginal and Maori legends?,https://doi.org/10.1144/gsl.sp.2007.273.01.16
inserted,,738,Wandjina,Wandjina,WA,2010,AMS RADIOCARBON AGES FOR BEESWAX AND CHARCOAL PIGMENTS IN NORTH KIMBERLEY ROCK ART,https://ro.uow.edu.au/scipapers/3291
inserted,,739,Wandjina,Wandjina,WA,2008,Painting and Repainting in the West Kimberley,http://hdl.handle.net/1885/31618
inserted,,740,Wandjina,Wandjina,WA,1993,Images of Power: Aboriginal Art of the Kimberley,http://ci.nii.ac.jp/ncid/BA28259126
inserted,,741,Wandjina,Wandjina,WA,2008,PATTERNS OF EVOLUTION AND EXTINCTION IN THE LAST HARPETID TRILOBITES DURING THE LATE DEVONIAN (FRASNIAN),https://doi.org/10.1111/j.1475-4983.2008.00832.x
inserted,,742,Wandjina,Wandjina,WA,2017,Visiting Gonjorong’s Cave,https://doi.org/10.1093/oxfordhb/9780190607357.013.16
inserted,,743,Wandjina,Wandjina,WA,2020,Evaluating human responses to ENSO driven climate change during the Holocene in northwest Australia through macrobotanical analyses,https://doi.org/10.1177/0959683620950410
skipped,duplicate_existing_record,,Wandjina,Wandjina,,2017,From Pessimism to Collaboration: The German Frobenius-Expedition (1938–1939) to Australia and the representation of Kimberley art and rock art,http://dx.doi.org/10.70460/jpa.v8i1.216
skipped,duplicate_existing_record,,Wandjina,Wandjina,,2009,River and coast : regionality in North Kimberley rock art,http://etheses.dur.ac.uk/2540/
skipped,duplicate_existing_record,,Wandjina,Wandjina,,2017,From pessimism to collaboration: The impact of the German Frobenius-Expedition (1938-1939) on the perception of Kimberley art and rock art,https://research-repository.uwa.edu.au/en/publications/63a647b3-9f58-4489-90e1-4341b6e9c2fd
skipped,duplicate_existing_record,,Wandjina,Wandjina,,2003,Tradition or invention: Remembering and reviving meaning of places,http://openarchive.icomos.org/id/eprint/496/
inserted,,744,Wandjina,Wandjina,WA,1972,"Archeology: <i>The Art of the Wandjina: Aboriginal Cave Paintings in Kimberley, Western Australia.</i> I. M. CRAWFORD",https://doi.org/10.1525/aa.1972.74.1-2.02a01000
inserted,,745,Wandjina,Wandjina,WA,2014,Joseph Bradshaw's 'Lost' Watercolours Found,https://www.questia.com/library/journal/1P3-3432886801/joseph-bradshaw-s-lost-watercolours-found
inserted,,746,Wandjina,Wandjina,WA,1970,"The Art of the Wandjina: Aboriginal Cave Paintings in Kimberley, Western Australia. By I. M. Crawford. 10 × 7½. Pp. 144 + 129 photographs (46 in full colour), line drawings, and maps. Melbourne: Oxford University Press, 1968. $A. 6.00. U.K. price £3. 9<i>s</i>. (£3.45).",https://doi.org/10.1017/s0003581500032054
inserted,,747,Wandjina,Wandjina,WA,2023,Les elevés des Wandjina de George Grey. De L’art Aborigène à L'art primitif (1838–1906),https://doi.org/10.4467/00786500.org.23.005.18782
inserted,,748,Wandjina,Wandjina,WA,2013,The Gwion or Bradshaw Art Style of Australia’s Kimberley Region is undoubtedly among the Earliest Rock Art in the Country – but is it Pleistocene?,http://dx.doi.org/10.4000/palethnologie.4337
inserted,,749,Wandjina,Wandjina,WA,2026,The Image in Deep Time,https://doi.org/10.1163/18757405-03801005
inserted,,750,Wandjina,Wandjina,WA,2008,Aboriginal art and identity,https://openalex.org/W342358446
skipped,duplicate_existing_record,,Wandjina,Wandjina,,2017,A Submission on Indigenous Intellectual Property to the House of Representatives Standing Committee on Indigenous Affairs and the Museums Galleries Australia - Indigenous Roadmap Project,https://eprints.qut.edu.au/114290/30/114290a.pdf
inserted,,751,Wandjina,Wandjina,WA,1968,Book reviews,https://doi.org/10.1080/00664677.1968.9967228
inserted,,752,Nargun,Nargun,VIC,1997,"A revision of Australian Mesozoic and Cenozoic lungfish of the family Neoceratodontidae (Osteichthyes:Dipnoi), with a description of four new species",https://doi.org/10.1017/s0022336000040166
skipped,duplicate_existing_record,,Nargun,Nargun,,2006,"A revision of the Australian humicolous and hygropetric water beetle genus Tympanogaster Perkins, and comparative morphology of the Meropathina (Coleoptera: Hydraenidae)",https://doi.org/10.11646/zootaxa.1346.1.1
inserted,,753,Nargun,Nargun,VIC,1989,"Series as Epic: Patricia Wrightson's ""The Book of Wirrun""",https://doi.org/10.1353/chq.0.0722
inserted,,754,Nargun,Nargun,VIC,2010,Obituary: Patricia Wrightson (1921-2010): Australian Synthesiser of Settler and Indigenous Lore,https://hdl.handle.net/1959.11/8719
inserted,,755,Nargun,Nargun,VIC,1997,Introduction,https://doi.org/10.1353/chq.0.1077
inserted,,756,Yara-ma-yha-who,Yara-ma-yha-who,,2022,"The Yara-ma-yha-who, “Real” Vampires, and Aboriginal Erasure",https://doi.org/10.5040/9781666991345-ch.004
inserted,,757,Yara-ma-yha-who,Yara-ma-yha-who,,2014,Writing Indigenous Vampires: Aboriginal Gothic or Aboriginal Fantastic?,https://doi.org/10.5204/mcj.834
inserted,,758,Pangkarlangu,Pangkarlangu,NT,2020,Monster Mash: What Happens When Aboriginal Monsters Are Co-opted into the Mainstream?,https://doi.org/10.4324/9781003086130-6
inserted,,759,Pangkarlangu,Pangkarlangu,NT,2020,Monsters,https://doi.org/10.3726/b14677
skipped,duplicate_existing_record,,Yowie,Yowie,NT,2007,Indigenous Spirit and Ghost Folklore of “Settled” Australia,https://doi.org/10.1080/00155870701337346
skipped,duplicate_existing_record,,Yowie,Yowie,,2015,Spatial distribution of heavy metal contaminations in Yowie Bay sediments and their environmental impacts,https://doi.org/10.2495/wrm150311
inserted,,760,Yowie,Yowie,,2012,Can't tell a yahoo from a yowie,https://openalex.org/W1501775044
inserted,,761,Yowie,Yowie,,2002,"The Necessary Other, or 'When One Needs a Monster': The Return of the Australian Yowie",https://hdl.handle.net/1959.11/1787
inserted,,762,Yowie,Yowie,,2014,Batemans Bay yowie sighting an Australian first,http://www.abc.net.au/local/stories/2014/12/09/4145054.htm
skipped,duplicate_existing_record,,Yowie,Yowie,,2015,Water Resources Management VIII,https://doi.org/10.2495/wrm15
skipped,duplicate_existing_record,,Yowie,Yowie,,2022,A Journey from Wild to Textbook Data to Reproducibly Refresh the Wages Data from the National Longitudinal Survey of Youth Database,https://doi.org/10.1080/26939169.2022.2094300
skipped,duplicate_existing_record,,Yowie,Yowie,,2010,Common Director Does Not Make Companies 'Related',http://search.informit.com.au/fullText;dn=143120833848255;res=IELBUS
inserted,,763,Yowie,Yowie,,2003,Cabinets of curiosity,https://openalex.org/W160747767
skipped,duplicate_existing_record,,Yowie,Yowie,,2025,"Building Confidence, Interest, and Opportunity: A Social Cognitive Career Theory-Based Analysis of the Young Women in Engineering Outreach Program",https://doi.org/10.61278/itea.46.3.1001
inserted,,764,Yowie,Yowie,,2013,"Yetis, Yowies and dinosaur trees: amazing finds in the hunt for living legends",https://doi.org/10.64628/aa.vsw6entnc
inserted,,765,Yowie,Yowie,QLD,2003,The Abstracts of the 1st New South Wales APS State Conference,https://doi.org/10.1080/17429536.2003.12467206
inserted,,766,Mamu,Mamu,QLD,1995,Dyirbal song poetry : the oral literature of an Australian rainforest people,https://openalex.org/W581091669
inserted,,767,Mamu,Mamu,,2017,Traditional Healers of Central Australia: Ngangkari,https://www.questia.com/library/journal/1G1-511789849/traditional-healers-of-central-australia-ngangkari
inserted,,768,Mamu,Mamu,WA,2010,Universalising the particular? God and Indigenous spirit beings in East Kimberley,https://doi.org/10.1111/j.1757-6547.2010.00067.x
inserted,,769,Mamu,Mamu,,2022,Our experiences of researching with our mob on our country: Traditional custodians as researchers,https://doi.org/10.3316/informit.692954533528776
skipped,duplicate_existing_record,,Mamu,Mamu,,2002,"Devilish Toll of Nuclear Testing. ""The Career Highlights of Mamu"" by Trevor Jamieson and Scott Rankin. Black Swan Theatre Company [review]",http://hdl.handle.net/2328/243
inserted,,770,Yahoo,Yahoo,,2009,Web Strategies to Promote Internet Shopping: Is Cultural-Customization NeedeD?1,https://doi.org/10.2307/20650306
skipped,duplicate_existing_record,,Yahoo,Yahoo,,2005,"Cancer Internet Search Activity on a Major Search Engine, United States 2001-2003",https://doi.org/10.2196/jmir.7.3.e36
skipped,duplicate_existing_record,,Yahoo,Yahoo,,2011,History Of Search Engines,https://doi.org/10.19030/ijmis.v15i4.5799
inserted,,771,Yahoo,Yahoo,,2007,Who controls the Internet?: illusions of a borderless world,https://doi.org/10.5860/choice.44-2671
skipped,duplicate_existing_record,,Yahoo,Yahoo,,2018,Birds of a Feather Flock Together: The Nigerian Cyber Fraudsters (Yahoo Boys) and Hip Hop Artists,https://philarchive.org/rec/LAZBOA-3
skipped,duplicate_existing_record,,Yahoo,Yahoo,,2009,Determinants of Turnout and Candidate Choice in the 2008 U.S. Presidential Election,https://doi.org/10.1093/poq/nfp079
inserted,,772,Yahoo,Yahoo,,2006,Elecronic Word-of-Mouth,https://doi.org/10.1080/15252019.2006.10722119
skipped,duplicate_existing_record,,Yahoo,Yahoo,,2003,A Return to Lilliput: The LICRA v. Yahoo - Case and the Regulation of Online Content in the World Market,https://digitalcommons.law.ggu.edu/pubs/429
skipped,duplicate_existing_record,,Yahoo,Yahoo,,2014,Jerarquización de la evidencia: Niveles de evidencia y grados de recomendación de uso actual,https://doi.org/10.4067/s0716-10182014000600011
skipped,duplicate_existing_record,,Yahoo,Yahoo,,2012,The dance of disclosure: Online self-disclosure of sexual assault,https://doi.org/10.1177/1473325012464383
skipped,duplicate_existing_record,,Yahoo,Yahoo,,2003,A Solution to the Yahoo! Problem? The EC E-Commerce Directive as a Model for International Cooperation on Internet Choice of Law,https://uknowledge.uky.edu/law_facpub/351
skipped,duplicate_existing_record,,Yahoo,Yahoo,,2013,Internet-Based Recruitment to a Depression Prevention Intervention: Lessons From the Mood Memos Study,https://doi.org/10.2196/jmir.2262
skipped,duplicate_existing_record,,Yahoo,Yahoo,,2010,Assessment of the quality and variability of health information on chronic pain websites using the DISCERN instrument,https://doi.org/10.1186/1741-7015-8-59
skipped,duplicate_existing_record,,Yahoo,Yahoo,,2019,Reframing healthy food choices: a content analysis of Australian healthy eating blogs,https://doi.org/10.1186/s12889-019-8064-7
skipped,duplicate_existing_record,,Yahoo,Yahoo,,2019,FuseAD: Unsupervised Anomaly Detection in Streaming Sensors Data by Fusing Statistical and Deep Learning Models,https://doi.org/10.3390/s19112451
skipped,duplicate_existing_record,,Yahoo,Yahoo,,2025,Quality and representativeness of research online with Yahoo! Crowdsourcing,https://doi.org/10.3389/fpsyg.2025.1588579
skipped,duplicate_existing_record,,Yahoo,Yahoo,,2007,Mapping Diversities and Tracing Trends of Cultural Homogeneity/Heterogeneity in Cyberspace,https://doi.org/10.1111/j.1083-6101.2007.00373.x
skipped,duplicate_existing_record,,Yahoo,Yahoo,,2007,An Approach To Image Extraction And Accurate Skin Detection From Web Pages,https://zenodo.org/record/1084796
skipped,duplicate_existing_record,,Yahoo,Yahoo,,2014,Cross‐cultural quality comparison of online health information for elderly care on yahoo! answers,https://doi.org/10.1002/meet.2014.14505101055
skipped,duplicate_existing_record,,Yahoo,Yahoo,,2005,Proceedings of the 7th ACM SIGMM international workshop on Multimedia information retrieval,https://doi.org/10.1145/1101826
inserted,,773,Yahoo,Yahoo,,2006,The World Trade Law of Censorship and Internet Filtering,https://chicagounbound.uchicago.edu/cjil/vol7/iss1/12
inserted,,774,Yahoo,Yahoo,,2018,"What Can You Find about Polycystic Ovary Syndrome (PCOS) Online? Assessing Online Information on PCOS: Quality, Content, and User-Friendliness",https://doi.org/10.1055/s-0038-1667186
skipped,duplicate_existing_record,,Yahoo,Yahoo,,2013,Scoping Review on Search Queries and Social Media for Disease Surveillance: A Chronology of Innovation,https://doi.org/10.2196/jmir.2740
skipped,duplicate_existing_record,,Yahoo,Yahoo,,2019,Where Is the Money? The Intersectionality of the Spirit World and the Acquisition of Wealth,https://doi.org/10.3390/rel10030146
inserted,,775,Yahoo,Yahoo,,2018,"Content, Quality, and Assessment Tools of Physician-Rating Websites in 12 Countries: Quantitative Analysis",https://doi.org/10.2196/jmir.9105
skipped,duplicate_existing_record,,Yahoo,Yahoo,,2022,"Digital health literacy, online information-seeking behaviour, and satisfaction of Covid-19 information among the university students of East and South-East Asia",https://doi.org/10.1371/journal.pone.0266276
skipped,duplicate_existing_record,,Yahoo,Yahoo,,2025,Experiences of local victims of Yahoo Boys’ socio-economic cybercrimes in Nigeria,https://doi.org/10.1007/s44202-025-00479-5
skipped,duplicate_existing_record,,Yahoo,Yahoo,,2012,Can't tell a yahoo from a yowie,https://openalex.org/W1501775044
skipped,duplicate_existing_record,,Yahoo,Yahoo,,2014,Web-Based Intervention Programs for Depression: A Scoping Review and Evaluation,https://doi.org/10.2196/jmir.3147
skipped,duplicate_existing_record,,Yahoo,Yahoo,,2002,"Yahoo!, Inc. v. LICRA: The French Challenge to Free Expression on the Internet",https://digitalcommons.wcl.american.edu/auilr/vol18/iss1/6
skipped,duplicate_existing_record,,Yahoo,Yahoo,,2020,Relevance of the technology acceptance model (TAM) in information management research: a review of selected empirical evidence,https://doi.org/10.17261/pressacademia.2020.1186
skipped,duplicate_existing_record,,Yahoo,Yahoo,,2022,PRMS: Design and Development of Patients’ E-Healthcare Records Management System for Privacy Preservation in Third Party Cloud Platforms,https://doi.org/10.1109/access.2022.3198094
inserted,,776,Yahoo,Yahoo,,2012,Advice in Discourse,https://doi.org/10.1075/pbns.221
skipped,duplicate_existing_record,,Yahoo,Yahoo,,2025,"Pulpit, power, and predation: “Yahoo Men of God,” prosperity theology, and the Twin Fraud Triangles",https://doi.org/10.1177/20503032251381309
skipped,duplicate_existing_record,,Yahoo,Yahoo,,2016,Assessing the Level of Popularity of European Stag Tourism Destinations,https://doi.org/10.1515/quageo-2016-0023
skipped,duplicate_existing_record,,Yahoo,Yahoo,,2005,Automated Assessment of the Quality of Depression Websites,https://doi.org/10.2196/jmir.7.5.e59
skipped,duplicate_existing_record,,Yahoo,Yahoo,,2018,Diet and Multiple Sclerosis: Scoping Review of Web-Based Recommendations,https://doi.org/10.2196/10050
skipped,duplicate_existing_record,,Yahoo,Yahoo,,2017,Defining the Good Citizen: Online Conceptions of American Members of the Yahoo! Answers Community,https://doi.org/10.11114/ijsss.v5i4.2265
skipped,duplicate_existing_record,,Yahoo,Yahoo,,2008,Paediatricots: Utilisation of an Australian list serve to support occupational therapists working with children,https://doi.org/10.1111/j.1440-1630.2007.00716.x
inserted,,777,Yahoo,Yahoo,,2011,It’s in the Pipes: Using Mash-Up Technology in the Parliament of Australia Library,https://doi.org/10.1080/00048623.2011.10722234
skipped,duplicate_existing_record,,Yahoo,Yahoo,,2013,A Theoretical Approach to Electronic Prescription System: Lesson Learned from Literature Review,https://doi.org/10.5812/ircmj.8436
skipped,duplicate_existing_record,,Yahoo,Yahoo,,2021,Dampak Pandemi Covid-19 Terhadap Nilai Harga Saham Syariah di Indonesia,https://doi.org/10.29040/jiei.v7i1.1772
skipped,duplicate_existing_record,,Yahoo,Yahoo,,2025,Understanding pet reptile preferences in Japan: an analysis using Yahoo! Chiebukuro and Google Trends,https://doi.org/10.33256/35.2.146154
skipped,duplicate_existing_record,,Yahoo,Yahoo,,2005,"Learning to Collaborate, Collaboratively: An Online Community Building and Knowledge Construction Approach to Teaching Computer Supported Collaborative Work at an Australian University",https://researchoutput.csu.edu.au/en/publications/learning-to-collaborate-collaboratively-an-online-community-build
skipped,duplicate_existing_record,,Yahoo,Yahoo,,2018,A Robust Regression-Based Stock Exchange Forecasting and Determination of Correlation between Stock Markets,https://doi.org/10.3390/su10103702
inserted,,778,Yahoo,Yahoo,,2006,Beyond Racism: Some Opinions about Racialism and American Archaeology,https://doi.org/10.1353/aiq.2006.0021
skipped,duplicate_existing_record,,Yahoo,Yahoo,,2017,"Seeking Web-Based Information About Attention Deficit Hyperactivity Disorder: Where, What, and When",https://doi.org/10.2196/jmir.6579
skipped,duplicate_existing_record,,Yahoo,Yahoo,,2015,Cultures in Community Question Answering,http://arxiv.org/abs/1508.05044
skipped,duplicate_existing_record,,Yahoo,Yahoo,,2008,Effectiveness of multifaceted fall-prevention programs for the elderly in residential care,https://doi.org/10.1136/ip.2007.017533
inserted,,779,Yahoo,Yahoo,QLD,1862,On the Occurrence of Mesozoic and Permian Faunæ in Eastern Australia,https://doi.org/10.1144/gsl.jgs.1862.018.01-02.36
skipped,duplicate_existing_record,,Yahoo,Yahoo,,2018,A Coherent Unsupervised Model for Toponym Resolution,https://doi.org/10.1145/3178876.3186027
skipped,duplicate_existing_record,,Yahoo,Yahoo,,2019,A summary of high quality online information resources for parents with cancer who have adolescent and young adult children: A scoping review,https://doi.org/10.1002/pon.5274
skipped,duplicate_existing_record,,Yahoo,Yahoo,,2009,Annotating Question Types in Social Q&amp;A Sites,https://openalex.org/W2264170501
inserted,,780,Yahoo,Yahoo,,2007,Search engine retrieval of changing information,https://doi.org/10.1145/1242572.1242762
skipped,duplicate_existing_record,,Yahoo,Yahoo,,2024,Cyberterrorism as a global threat: a review on repercussions and countermeasures,https://doi.org/10.7717/peerj-cs.1772
skipped,duplicate_existing_record,,Yahoo,Yahoo,,2016,"Power, Metaphor, and the Closing of a Social Networking Site",https://dc.etsu.edu/etsu-works/747
skipped,duplicate_existing_record,,Yahoo,Yahoo,,2013,Quality evaluation of geriatric health information on Yahoo! Answers : a cross-cultural comparative study,https://doi.org/10.5353/th_b5091651
skipped,duplicate_existing_record,,Yahoo,Yahoo,,2009,Proceedings of the 20th ACM conference on Hypertext and hypermedia,https://dl.acm.org/citation.cfm?id=1557914
skipped,duplicate_existing_record,,Yahoo,Yahoo,,2013,"It s All About Love : Organization, Knowledge Sharing and Innovation Among the Nigerian Yahoo Boys",http://hdl.handle.net/10852/41667
skipped,duplicate_existing_record,,Yahoo,Yahoo,,2010,Presencia y visibilidad web de las universidades públicas españolas,https://doi.org/10.3989/redc.2010.2.740
skipped,duplicate_existing_record,,Yahoo,Yahoo,,2020,Investigation of the Total Phenolic Content and Antioxidant Capacity of Three Sweet Pepper Cultivars (Capsicum annuum L.) at Different Development and Maturation Stages,https://doi.org/10.3311/ppch.15553
skipped,duplicate_existing_record,,Yahoo,Yahoo,,2013,Health Information Seeking Behavior (HISB): A Study of a Developing Country,https://digitalcommons.unl.edu/libphilprac/902
skipped,duplicate_existing_record,,Yahoo,Yahoo,,2010,Canvassing the Cyber Security Landscape: Why Energy Companies Need to Pay Attention,https://resolver.tno.nl/uuid:83e3c803-cafc-4293-b1e4-b74f07e0d7c9
skipped,duplicate_existing_record,,Yahoo,Yahoo,,2010,Visibilidad de las sedes web de los museos de Cataluña,https://doi.org/10.3989/redc.2010.4.754
skipped,duplicate_existing_record,,Yahoo,Yahoo,,2014,Question Popularity Analysis and Prediction in Community Question Answering Services,https://doi.org/10.1371/journal.pone.0085236
skipped,duplicate_existing_record,,Yahoo,Yahoo,,2006,Proceedings of the 8th annual ACM international workshop on Web information and data management,https://doi.org/10.1145/1183550
skipped,duplicate_existing_record,,Yahoo,Yahoo,,2019,An Intelligent Video Tag Recommendation Method for Improving Video Popularity in Mobile Computing Environment,https://doi.org/10.1109/access.2019.2961392
skipped,duplicate_existing_record,,Yahoo,Yahoo,,2006,Small Business and Regional Portals in Australia,https://doi.org/10.4018/978-1-59140-799-7.ch163
skipped,duplicate_existing_record,,Yahoo,Yahoo,,2007,World Wide Web resources on control of nosocomial infections.,https://doi.org/10.1186/cc5116
skipped,duplicate_existing_record,,Yahoo,Yahoo,,2023,Tanggung Jawab Pelaku Usaha dalam Transaksi Elektronik melalui Situs Internet di Tinjau dari Perspektif Hukum Perlindungan Konsumen,https://doi.org/10.37010/fcs.v4i1.1153
skipped,duplicate_existing_record,,Yahoo,Yahoo,,2011,"Scoring Australia: film music and Australian identities in Young Einstein, Strictly Ballroom and The Adventures of Priscilla, Queen of the Desert",https://epubs.scu.edu.au/sass_pubs/117
inserted,,781,Yahoo,Yahoo,,2010,Narrative Discourse Analysis of A Foreigner’s Story During His Work in Indonesia,https://doi.org/10.21512/lc.v4i1.350
skipped,duplicate_existing_record,,Yahoo,Yahoo,,2013,The use of rhetorical strategies in Q&amp;A discussion,https://doi.org/10.1108/jd-11-2012-0152
skipped,duplicate_existing_record,,Yahoo,Yahoo,,2021,The Quality and Content of Internet‐Based Information on Orthopaedic Sports Medicine Requires Improvement: A Systematic Review,https://doi.org/10.1016/j.asmr.2021.05.007
skipped,duplicate_existing_record,,Yahoo,Yahoo,,2014,Proposed amendments for consideration in the review of the copyright and trademarks protection for the digital environment in Nigeria,http://hdl.handle.net/11427/13037
skipped,duplicate_existing_record,,Yahoo,Yahoo,,2009,Proceedings of the 20th ACM conference on Hypertext and hypermedia,https://doi.org/10.1145/1557914
skipped,duplicate_existing_record,,Yahoo,Yahoo,,2009,"A Citation Analysis of &lt;i&gt;College &amp; Research Libraries&lt;/i&gt; Comparing Yahoo, Google, Google Scholar, and ISI Web of Knowledge with Implications for Promotion and Tenure",https://doi.org/10.5860/0700460
skipped,duplicate_existing_record,,Yahoo,Yahoo,,2016,An Analysis of the Content and Availability of Information on Suicide Methods Online,https://doi.org/10.1080/15398285.2016.1167579
skipped,duplicate_existing_record,,Yahoo,Yahoo,,2022,Digitalization of Payment Instruments: Cashless Payments and Loyalty Points Systems,https://doi.org/10.1007/978-981-16-7830-1_7
skipped,duplicate_existing_record,,Yahoo,Yahoo,,2013,Are web mentions accurate substitutes for inlinks for Spanish universities?,https://doi.org/10.1108/oir-10-2012-0189
skipped,duplicate_existing_record,,Yahoo,Yahoo,,2017,"Impact of Global Index, Gold Price and Macro Economic Variable for Indonesia Composite Index",http://iiste.org/Journals/index.php/RJFA/article/view/35046
skipped,duplicate_existing_record,,Yahoo,Yahoo,,2013,OERScout technology framework: A novel approach to open educational resources search,https://doi.org/10.19173/irrodl.v14i4.1505
skipped,duplicate_existing_record,,Yahoo,Yahoo,,2022,Prevalence of Homicide-Suicide Incidents in Greece over 13 Years,https://doi.org/10.3390/ijerph19137736
skipped,duplicate_existing_record,,Yahoo,Yahoo,,2017,"Pengaruh Sertifikat Bank Indonesia Syariah (SBIS), Jakarta Islamic Index (JII), Tingkat Inflasi, dan Index Harga Saham Gabungan (IHSG) Terhadap Nilai Tukar: Pendekatan Autoregressive Distributed LAG (ARDL)",https://doi.org/10.20473/vol4iss201710pp833-846
skipped,duplicate_existing_record,,Yahoo,Yahoo,,2014,The Market Quality to Technical Analysis Performance: Intercountry Analysis,https://doi.org/10.22146/gamaijb.5658
skipped,duplicate_existing_record,,Yahoo,Yahoo,,2011,"Flexible, customisable and good looking: multiple uses for Wordpress MU in two Australian Libraries",http://hdl.handle.net/20.500.11937/48362
skipped,duplicate_existing_record,,Yahoo,Yahoo,,2012,Korean and Chinese Webpage Content: Who Are Talking About What and How?,https://doi.org/10.1111/j.1083-6101.2011.01571.x
skipped,duplicate_existing_record,,Yahoo,Yahoo,,2008,Mass Digitization: Implications for Preserving the Scholarly Record,https://drum.lib.umd.edu/bitstream/1903/12127/1/Hahn_LRTS_52%281%29.pdf
skipped,duplicate_existing_record,,Yahoo,Yahoo,,2021,Professional integration of immigrant medical professionals through alternative career pathways: an Internet scan to synthesize the current landscape,https://doi.org/10.1186/s12960-021-00599-8
skipped,duplicate_existing_record,,Yahoo,Yahoo,,2005,Proceedings of the 7th ACM SIGMM international workshop on Multimedia information retrieval,https://dl.acm.org/action/showBook?doi=10.1145%2F1101826
skipped,duplicate_existing_record,,Yahoo,Yahoo,,2021,Neural Explicit Factor Model Based on Item Features for Recommendation Systems,https://doi.org/10.1109/access.2021.3072539
skipped,duplicate_existing_record,,Yahoo,Yahoo,,2022,Evaluation of the quality of information online for arthroscopic Bankart repair,https://doi.org/10.1308/rcsann.2022.0024
skipped,duplicate_existing_record,,Yahoo,Yahoo,,2016,An Efficient Electronic English Auction System with a Secure On-Shelf Mechanism and Privacy Preserving,https://doi.org/10.1155/2016/6567146
skipped,duplicate_existing_record,,Yahoo,Yahoo,,2013,Aggregation of the web performance of internal university units as a method of quantitative analysis of a university system: The case of <scp>S</scp>pain,https://doi.org/10.1002/asi.22912
skipped,duplicate_existing_record,,Yahoo,Yahoo,,2022,Assessment of available online educational resources for patients with atrial fibrillation,https://doi.org/10.1016/j.hroo.2022.12.013
skipped,duplicate_existing_record,,Yahoo,Yahoo,,2022,Personalized Music Hybrid Recommendation Algorithms Fusing Gene Features,https://doi.org/10.1155/2022/9209022
inserted,,782,Yahoo,Yahoo,,2003,Rethinking Public Library Websites,https://www.questia.com/library/journal/1G1-113055052/rethinking-public-library-websites
skipped,duplicate_existing_record,,Yahoo,Yahoo,,2023,Anomaly Detection Using Multiscale C-LSTM for Univariate Time-Series,https://doi.org/10.1155/2023/6597623
skipped,duplicate_existing_record,,Yahoo,Yahoo,,2008,The ownership of online news: a political economy analysis of www.FOXNews.com and www.news.yahoo.com,https://doi.org/10.31390/gradschool_dissertations.1673
inserted,,783,Yahoo,Yahoo,,2010,NARRATIVE DISCOURSE ANALYSIS OF A FOREIGNER’S STORY DURING HIS WORK IN INDONESIA,http://doi.org/10.21512/lc.v4i1.349
skipped,duplicate_existing_record,,Yahoo,Yahoo,,2003,Regulating Speech Across Borders: Technology vs. Values,https://repository.law.umich.edu/mttlr/vol9/iss2/4
skipped,duplicate_existing_record,,Yahoo,Yahoo,,2020,A Study of Optimizing Search Engine Results Through User Interaction,https://doi.org/10.1109/access.2020.2990972
skipped,duplicate_existing_record,,Yahoo,Yahoo,,2011,1463 CONSUMERISM AND ITS IMPACT ON ROBOTIC-ASSISTED RADICAL PROSTATECTOMY,https://doi.org/10.1016/j.juro.2011.02.1398
skipped,duplicate_existing_record,,Yahoo,Yahoo,,2021,Bigram and Unigram Based Text Attack via Adaptive Monotonic Heuristic Search,https://doi.org/10.1609/aaai.v35i1.16151
inserted,,784,Yahoo,Yahoo,ACT,2009,'A battle between enraged bulls' : the 2009 Australian Senate Inquiry into Sports News and Digital Media,https://researchdirect.westernsydney.edu.au/islandora/object/uws:11075
skipped,duplicate_existing_record,,Yahoo,Yahoo,,2023,The Readability and Quality of Web-Based Patient Information on Nasopharyngeal Carcinoma: Quantitative Content Analysis,https://doi.org/10.2196/47762
skipped,duplicate_existing_record,,Yahoo,Yahoo,,2017,Turning Flickr into a useful Citizen Science Resource,https://doi.org/10.3897/tdwgproceedings.1.20348
skipped,duplicate_existing_record,,Yahoo,Yahoo,,2008,Speak No Evil: Circumventing Chinese Censorship,https://digital.sandiego.edu/sdlr/vol45/iss1/7
inserted,,785,Yahoo,Yahoo,,2009,Proceedings of the 3rd workshop on Information credibility on the web,https://doi.org/10.1145/1526993
skipped,duplicate_existing_record,,Yahoo,Yahoo,,2021,Predicting the Number of Suicides in Japan Using Internet Search Queries: Vector Autoregression Time Series Model,https://doi.org/10.2196/34016
inserted,,786,Yahoo,Yahoo,VIC,1982,"Shakespeare on the Melbourne Stage, 1843-61",https://doi.org/10.1017/ccol0521247527.004
skipped,duplicate_existing_record,,Yahoo,Yahoo,,2020,Persian language health websites on Ebola disease: less credible than you think?,https://doi.org/10.1186/s42506-019-0027-4
skipped,duplicate_existing_record,,Yahoo,Yahoo,,2017,Social Media Changing Inter-Personal Relationship Among Urban Couples,https://doi.org/10.51611/iars.irj.v7i2.2017.129
skipped,duplicate_existing_record,,Yahoo,Yahoo,,2014,Improved Task Scheduling Algorithm in Cloud Environment,https://doi.org/10.5120/16772-6342
skipped,duplicate_existing_record,,Yahoo,Yahoo,,2020,Establishing the particularities of cybercrime in Nigeria: theoretical and qualitative treatments,https://philpapers.org/rec/LAZETP
skipped,duplicate_existing_record,,Yahoo,Yahoo,,2023,Privileging Information Is Inevitable *,http://dx.doi.org/10.4324/9781003407188-7
inserted,,787,Yahoo,Yahoo,,2009,"Keyword Advertising, and Other Invisible Uses of Third-Party Trade Marks in Online Advertising - A New Zealand/Australasian Perspective",https://doi.org/10.26686/vuwlr.v39i4.6297
skipped,duplicate_existing_record,,Yahoo,Yahoo,,2024,Enhancing Multicriteria-Based Recommendations by Alleviating Scalability and Sparsity Issues Using Collaborative Denoising Autoencoder,https://doi.org/10.32604/cmc.2024.047167
inserted,,788,Yahoo,Yahoo,,2007,Japan's New Security Agenda,https://doi.org/10.1080/00396330701437850
skipped,duplicate_existing_record,,Yahoo,Yahoo,,2014,Fortune or foe: the fatal harm caused by a gambling disorder,https://doi.org/10.1111/add.12744
skipped,duplicate_existing_record,,Yahoo,Yahoo,,2014,CALIDAD DE VIDA RELACIONADA CON SALUD: INSTRUMENTOS DE MEDICIÓN PARA VALORACIÓN DE RESULTADOS EN CIRUGÍA DIGESTIVA ALTA,https://doi.org/10.4067/s0718-40262014000300016
skipped,duplicate_existing_record,,Yahoo,Yahoo,,2020,Why are some websites researched more than others? A review of researh into the global top twenty,https://doi.org/10.3145/epi.2020.ene.01
skipped,duplicate_existing_record,,Yahoo,Yahoo,,2024,Prospects of marine-derived compounds as potential therapeutic agents for glioma,https://doi.org/10.1080/13880209.2024.2359659
skipped,duplicate_existing_record,,Yahoo,Yahoo,,2022,"Assessing the understandability, actionability, and quality of online resources for the self-management of bipolar disorder",https://doi.org/10.9740/mhc.2022.01.001
inserted,,789,Yahoo,Yahoo,QLD,2006,THE SEARCH ENGINE VISIBILITY OF QUEENSLAND VISITOR INFORMATION CENTRES' WEBSITES,http://doi.org/10.48009/2_iis_2006_228-232
skipped,duplicate_existing_record,,Yahoo,Yahoo,,2017,Testing Short Term and Long Term Applicability of CAPM: A Case of Pakistani Cement Industry,https://iiste.org/Journals/index.php/RJFA/article/view/36763
skipped,duplicate_existing_record,,Yahoo,Yahoo,,2019,An Evolutionary Schema for Using “it-is-what-it-is” Data in Official Statistics,https://doi.org/10.2478/jos-2019-0007
skipped,duplicate_existing_record,,Yahoo,Yahoo,,2024,Assessing the understandability and actionability of online resources for patients undergoing hemodialysis,https://doi.org/10.1111/1744-9987.14221
skipped,duplicate_existing_record,,Yahoo,Yahoo,,2025,"Hyperparameter-Optimized RNN, LSTM, and GRU Models for Airline Stock Price Prediction: A Comparative Study on THYAO and PGSUS",https://doi.org/10.3390/sym17111905
skipped,duplicate_existing_record,,Yahoo,Yahoo,,2014,The Growth of Global Internet Censorship and Circumvention: A Survey,https://doi.org/10.58729/1941-6687.1164
skipped,duplicate_existing_record,,Yahoo,Yahoo,,2011,"It's a Mad, Mad Internet: Globalization and the Challenges Presented by Internet Censorship",https://www.repository.law.indiana.edu/fclj/vol63/iss3/6
skipped,duplicate_existing_record,,Yahoo,Yahoo,,2019,Modeling Cryptocurrency (Bitcoin) using Vector Autoregressive (Var) Model,https://doi.org/10.18311/sdmimd/2019/23181
skipped,duplicate_existing_record,,Yahoo,Yahoo,,2015,A comparative analysis of web-based GIS applications using usability metrics,https://openalex.org/W2338179806
skipped,duplicate_existing_record,,Yahoo,Yahoo,,2022,Comovement of stock markets after the first COVID wave: a study into five most affected countries,https://doi.org/10.1108/irjms-07-2021-0055
skipped,duplicate_existing_record,,Yahoo,Yahoo,,2022,Accessibility of Low-cost Insulin From Illegitimate Internet Pharmacies: Cross-sectional Study,https://doi.org/10.2196/25855
skipped,duplicate_existing_record,,Yahoo,Yahoo,,2022,A Ranking Recommendation Algorithm Based on Dynamic User Preference,https://doi.org/10.3390/s22228683
skipped,duplicate_existing_record,,Yahoo,Yahoo,,2022,Time Series Prediction: Comparative Study of ML Models in the Stock Market,https://doi.org/10.21203/rs.3.rs-2183122/v1
skipped,duplicate_existing_record,,Yahoo,Yahoo,,2019,The Effect of Portfolio Diversification for the Bursa Malaysia,https://doi.org/10.5430/afr.v8n4p76
skipped,duplicate_existing_record,,Yahoo,Yahoo,,2024,Debiasing the Conversion Rate Prediction Model in the Presence of Delayed Implicit Feedback,https://doi.org/10.3390/e26090792
skipped,duplicate_existing_record,,Yahoo,Yahoo,,2022,Determinan Indeks Harga Saham Gabungan (IHSG) Jangka Pendek dan Panjang,https://doi.org/10.35912/sakman.v2i1.1422
skipped,duplicate_existing_record,,Yahoo,Yahoo,,2021,Can We Go Online for Sports Injury Prevention? A Systematic Review of English-Language Websites with Exercise-Based Sports Injury Risk Reduction Programmes,https://doi.org/10.1186/s40798-021-00373-z
skipped,duplicate_existing_record,,Yahoo,Yahoo,,2004,Viviendas de cine : Análisis de la arquitectura residencial en el marco del cine europeo de las últimas décadas,https://doi.org/10.20868/upm.thesis.9156
skipped,duplicate_existing_record,,Yahoo,Yahoo,,2020,"Anti-vaccine movements – health care, ignorance or a diversion aimed at destabilizing the health situation? Part 2. Contemporary conditions for the functioning and development of anti-vaccination movements",https://doi.org/10.26444/aaem/126014
inserted,,790,Yahoo,Yahoo,,2011,"'Breakfast at tiffany's': eBay Inc, Trade Mark Law and counterfeiting",https://papers.ssrn.com/sol3/Delivery.cfm?abstractid=1974274
skipped,duplicate_existing_record,,Yahoo,Yahoo,,2009,Understanding Online Reputation Of Mediterranean Destinations,http://aisel.aisnet.org/mcis2009/51
skipped,duplicate_existing_record,,Yahoo,Yahoo,,2023,Prediction of Moderna Adjusted Closing Stock Price Trend Using ARIMA Model,https://doi.org/10.54691/bcpbm.v44i.4800
skipped,duplicate_existing_record,,Yahoo,Yahoo,,2017,A novel model for Time-Series Data Clustering Based on piecewise SVD and BIRCH for Stock Data Analysis on Hadoop Platform,https://doi.org/10.25046/aj0203106
inserted,,791,Yahoo,Yahoo,,2009,Proceedings of the 3rd workshop on Information credibility on the web,https://dl.acm.org/action/showBook?doi=10.1145%2F1526993
skipped,duplicate_existing_record,,Yahoo,Yahoo,,2023,Gender-Based Violence Narratives in Internet-Based Conversations in Nigeria: Social Listening Study,https://doi.org/10.2196/46814
skipped,duplicate_existing_record,,Yahoo,Yahoo,,2015,Recognizing our Past and Moving Toward our Future: Decolonizing Attitudes about Skin Color and Native Americans,http://hdl.handle.net/10125/37627
skipped,duplicate_existing_record,,Yahoo,Yahoo,,2007,Directorios temáticos en Internet como herramienta de difusión de la ciencia. Análisis comparativo,http://hdl.handle.net/10261/4584
skipped,duplicate_existing_record,,Yahoo,Yahoo,,2024,"Analysis of Environment, Social and Governance (ESG) Ratings and Financial Performance in Indian Firms: A Panel Data Study",https://doi.org/10.47191/jefms/v7-i9-50
skipped,duplicate_existing_record,,Yahoo,Yahoo,,2019,Health Policy and Ladies Health Workers Stress During Fields Work: Case Study of District Muzaffargarh,https://doi.org/10.52700/scir.v1i1.20
skipped,duplicate_existing_record,,Yahoo,Yahoo,,2023,Forecasting the Monthly Stock Price per Share of Taiwan Semiconductor Manufacturing Company Limited (TSM) using ARIMA Box-Jenkins Method,https://doi.org/10.33021/jafrm.v2i1.4560
skipped,duplicate_existing_record,,Yahoo,Yahoo,,2011,Exploratory Analysis Of The Readability Of Information Privacy Statement Of The Primary Social Networks,https://doi.org/10.19030/jber.v7i12.2371
inserted,,792,Yahoo,Yahoo,,2018,Implementasi Algoritma Rc4 Dan Kompresi Lzw Untuk Pengamanan Database Pada Pt. Mpp International Development Indonesia,https://jom.fti.budiluhur.ac.id/index.php/SKANIKA/article/download/2524/760
skipped,duplicate_existing_record,,Yahoo,Yahoo,,2005,The Effect of Online Feedback Mechanisms in Electronic Markets: A Field Study Perspective,https://aisel.aisnet.org/iceb2005/59
skipped,duplicate_existing_record,,Yahoo,Yahoo,,2012,Evaluation of E-Journals in Library and Information Science based on Three Websites: A Case Study,http://dx.doi.org/10.51983/ajist-2011.1.2.26
skipped,duplicate_existing_record,,Yahoo,Yahoo,,2019,ANOMALI EFEK KALENDER PADA RETURN SAHAM LQ-45 DI BURSA EFEK INDONESIA,https://doi.org/10.24843/ejmunud.2019.v08.i05.p02
skipped,duplicate_existing_record,,Yahoo,Yahoo,,2020,On the Encoder-Decoder Incompatibility in Variational Text Modeling and Beyond,https://doi.org/10.18653/v1/2020.acl-main.316
skipped,duplicate_existing_record,,Yahoo,Yahoo,,2008,Using Classifiers to Find Domain-Specific Online Databases Automatically,https://doi.org/10.3724/sp.j.1001.2008.00246
skipped,duplicate_existing_record,,Yahoo,Yahoo,,2022,Predicting Smoking Prevalence in Japan Using Search Volumes in an Internet Search Engine: Infodemiology Study,https://doi.org/10.2196/42619
skipped,duplicate_existing_record,,Yahoo,Yahoo,,2015,The Internet Era Implications over the Romanian Travel Agencies,https://doi.org/10.6007/ijarbss/v5-i3/1505
skipped,duplicate_existing_record,,Yahoo,Yahoo,,2025,Online Information on Lymphedema: Systematic Review of the Quality of Online Patient Resources,https://doi.org/10.1007/s13187-025-02691-2
skipped,duplicate_existing_record,,Yahoo,Yahoo,,2023,FORECASTING HOUSE PRICE INDEX IN TURKEY USING ARIMA TRANSFER FUNCTION AND ARTIFICIAL NEURAL NETWORKS,http://doi.org/10.56726/irjmets34127
skipped,duplicate_existing_record,,Yahoo,Yahoo,,2025,STOCK PRICE PREDICTION AND SIMULATION USING GEOMETRIC BROWNIAN MOTION-KALMAN FILTER: A COMPARISON BETWEEN KALMAN FILTER ALGORITHMS,https://doi.org/10.30598/barekengvol19iss1pp97-106
skipped,duplicate_existing_record,,Yahoo,Yahoo,,2001,User interfaces for topic management of web sites,http://hdl.handle.net/10919/29871
skipped,duplicate_existing_record,,Yahoo,Yahoo,,2025,"A Systematic Review on Social Media Sentiment in Stock Price Prediction: Data Sources, Machine Learning Models, and the Evidence on Effectiveness",https://doi.org/10.62201/kk4j5376
skipped,duplicate_existing_record,,Yahoo,Yahoo,,2023,The Readability Analysis of Online Education Materials for Kidney Transplantation,https://doi.org/10.30699/fhi.v12i0.446
inserted,,793,Yahoo,Yahoo,,1989,Yahoo Serious,http://dx.doi.org/10.5040/9781350923966
skipped,duplicate_existing_record,,Yahoo,Yahoo,,2006,Advertising and the New Search Media,https://doi.org/10.1177/1329878x0611900106
skipped,duplicate_existing_record,,Yahoo,Yahoo,,2022,"Tesla Stock Close Price Prediction Using KNNR, DTR, SVR, and RFR",https://doi.org/10.28991/hef-2022-03-04-01
skipped,duplicate_existing_record,,Yahoo,Yahoo,,2024,Forecasting of Philippine Stock Exchange Index Using Optimized Artificial Neural Networks with Enhanced PSO Algorithm,http://dx.doi.org/10.14445/22315381/ijett-v72i6p113
skipped,duplicate_existing_record,,Yahoo,Yahoo,,2007,Hearth and Hotmail,https://doi.org/10.5204/mcj.2696
skipped,duplicate_existing_record,,Yahoo,Yahoo,,2024,Quality Analysis of Online Resources for Patients Undergoing Coronary Artery Bypass Grafting,http://dx.doi.org/10.1016/j.atssr.2023.12.021
skipped,duplicate_existing_record,,Yahoo,Yahoo,,1999,A model for successful implementation of internet-based electronic commerce in business operations,http://hdl.handle.net/10453/20037
skipped,duplicate_existing_record,,Yahoo,Yahoo,,2023,Stock Price Forecasting with Machine Learning,https://doi.org/10.54254/2754-1169/45/20230275
skipped,duplicate_existing_record,,Yahoo,Yahoo,,2015,Proceedings of the 2015 Workshop on Community-Organized Multimodal Mining: Opportunities for Novel Solutions,https://doi.org/10.1145/2814815
skipped,duplicate_existing_record,,Yahoo,Yahoo,,2023,Identification of Patterns in the Stock Market through Unsupervised Algorithms,https://doi.org/10.3390/analytics2030033
skipped,duplicate_existing_record,,Yahoo,Yahoo,,2021,Diagnostic Evaluation of Policy-Gradient-Based Ranking,https://doi.org/10.3390/electronics11010037
skipped,duplicate_existing_record,,Yahoo,Yahoo,,2024,Study to evaluate the readability and visual appearance of online resources for blunt chest trauma: an evaluation of online resources using mixed methods,https://doi.org/10.1136/bmjopen-2023-078552
skipped,duplicate_existing_record,,Yahoo,Yahoo,,2024,Early Warning Signs for Eating Disorders in Children: A Realist Synthesis of Websites Summarizing Caregiver and Consumer Perspectives,https://doi.org/10.1002/eat.24359
skipped,duplicate_existing_record,,Yahoo,Yahoo,,2025,Predicting Cryptocurrency Prices Comparing Different Machine Learning Techniques: A Performance Analysis for Pre and Post COVID-19 Pandemic Periods,https://doi.org/10.32479/ijefi.17794
skipped,duplicate_existing_record,,Yahoo,Yahoo,,2020,EFFECT OF EXCHANGE RATE AND GLOBAL INDEX IN FIVE COUNTRIES AGAINST CSPI,https://doi.org/10.38035/jafm.v1i1.11
inserted,,794,Yahoo,Yahoo,,2001,The Internet as an Investment Tool,https://www.questia.com/library/journal/1G1-77050132/the-internet-as-an-investment-tool
skipped,duplicate_existing_record,,Yahoo,Yahoo,,2021,High tibial osteotomy: A review of the readability and quality of patient information on the internet,https://doi.org/10.34172/hpp.2021.41
skipped,duplicate_existing_record,,Yahoo,Yahoo,,2008,Mass Digitization,https://doi.org/10.5860/lrts.52n1.18
skipped,duplicate_existing_record,,Yahoo,Yahoo,,2024,Analytical detection of “ Smart Stock Trading System” utilizing AI-model,https://doi.org/10.55041/ijsrem34829
skipped,duplicate_existing_record,,Yahoo,Yahoo,,2022,The Weekend Effect Investigation: Evidence from Indonesia Capital Market,https://doi.org/10.13189/ujaf.2022.100222
skipped,duplicate_existing_record,,Yahoo,Yahoo,,2017,Intelligent Web Services Architecture Evolution Via An Automated Learning-Based Refactoring Framework,https://hdl.handle.net/2027.42/142810
skipped,duplicate_existing_record,,Yahoo,Yahoo,,2024,Offloaded Data Processing Energy Efficiency Evaluation,http://dx.doi.org/10.15388/24-infor567
skipped,duplicate_existing_record,,Yahoo,Yahoo,,2011,Unsupervised Graph-Based Similarity Learning Using Heterogeneous Features,https://hdl.handle.net/2027.42/89824
skipped,duplicate_existing_record,,Yahoo,Yahoo,,2012,Exploring Online News Credibility: The Relative Influence of Traditional and Technological Factors,https://doi.org/10.1111/j.1083-6101.2011.01565.x
skipped,duplicate_existing_record,,Yahoo,Yahoo,,2025,Patient information on ureteric stents; online resources versus Artificial intelligence generated content: A benchmarking study from eau endourology,https://doi.org/10.1080/20905998.2025.2602411
skipped,duplicate_existing_record,,Yahoo,Yahoo,,2025,Prediction of Stock Prices Using LSTM-ARIMA Hybrid Deep Learning Model,https://doi.org/10.9734/ajpas/2025/v27i8791
skipped,duplicate_existing_record,,Yahoo,Yahoo,,2025,A Cross‐Sectional Study of the Quality of Online Information on Periodontal Surgery,https://doi.org/10.1002/cre2.70195
skipped,duplicate_existing_record,,Yahoo,Yahoo,,2003,Regulation of New Economy Markets: the Case of Wired Residential Internet Service Provision,https://arrow.dit.ie/icr/vol9/iss1/6
skipped,duplicate_existing_record,,Yahoo,Yahoo,,2020,Neural Network Autoregressive For Predicting Daily Gold Price,https://doi.org/10.25139/inform.v5i2.2715
skipped,duplicate_existing_record,,Yahoo,Yahoo,,2025,Search visibility and online social presence for bed and breakfasts,http://udspace.udel.edu/handle/19716/11907
skipped,duplicate_existing_record,,Yahoo,Yahoo,,2022,PROPOSAL FOR A MANDATORY HEALTHCARE PROGRAM FOR SURROGATES IN SURROGACY ARRANGEMENTS,https://doi.org/10.55374/jseamed.v6i0.134
skipped,duplicate_existing_record,,Yahoo,Yahoo,,2025,Integrating deep learning and optimization algorithms to forecast real-time stock prices for intraday traders,https://doi.org/10.11591/ijece.v15i2.pp2254-2263
skipped,duplicate_existing_record,,Yahoo,Yahoo,,2010,Load-balancing by applying a bayesian learning automata (BLA) scheme in a non-stationary web-crawler network,http://hdl.handle.net/11250/137506
skipped,duplicate_existing_record,,Yahoo,Yahoo,,2008,Super-resolution texturing for online virtual globes,https://doi.org/10.1109/cvprw.2008.4562961
skipped,duplicate_existing_record,,Yahoo,Yahoo,,2023,Semantic complexity of geographic questions - A comparison in terms of conceptual transformations of answers,http://dx.doi.org/10.5194/agile-giss-4-10-2023
inserted,,795,Yahoo,Yahoo,,2013,Yahoo! A mobile news service is a bold move,https://doi.org/10.64628/aa.xvhjvgdmj
skipped,duplicate_existing_record,,Yahoo,Yahoo,,2024,Web-Based Search Volume for HIV Tests and HIV-Testing Preferences During the COVID-19 Pandemic in Japan: Infodemiology Study,https://doi.org/10.2196/52306
skipped,duplicate_existing_record,,Yahoo,Yahoo,,2024,Patient Education Materials for Immobilisation Masks in Radiation Therapy for Adult Head and Neck Cancer Patients: A Scoping Review,https://doi.org/10.1007/s13187-024-02436-7
inserted,,796,Yahoo,Yahoo,,2008,"'Louts, Yahoos and Purposeless Disruptionists': Race and the 'Revival of Politics' in the Universities",http://search.informit.com.au/documentSummary;dn=522748990262821;res=IELIND
skipped,duplicate_existing_record,,Yahoo,Yahoo,,2012,Yahoo! : the end of the banner years,http://hdl.handle.net/10400.14/14828
skipped,duplicate_existing_record,,Yahoo,Yahoo,,2024,Incredible breakthrough rare creature tiny predator-free island Australian first Yahoo News Australia,https://doi.org/10.59350/gm816-e3q68
skipped,duplicate_existing_record,,Yahoo,Yahoo,,2015,"""When [S]He is Working [S]He is Not at Home"": Challenging Assumptions About Remote Work",https://ir.lib.uwo.ca/etd/3120
skipped,duplicate_existing_record,,Yahoo,Yahoo,,2005,Hospital virtual libraries in Latin America and the Caribbean: A webometric analysis,http://eprints.rclis.org/8272/1/Macias-Chapula%2C_et_al%2C_ICML2005%2C_Brazil_Virtual_Hosp_Libraries_LAC.pdf
skipped,duplicate_existing_record,,Yahoo,Yahoo,,2017,Preface: Yet Another Book about Snowden and Safe Harbor?,https://biblio.vub.ac.be/vubir/preface-yet-another-book-about-snowden-and-safe-harbor(a2b359de-267a-4e2e-b584-54a81265cbd4).html
skipped,duplicate_existing_record,,Yahoo,Yahoo,,2026,Evaluating Large Language Models for Diagnostic Accuracy and Health Information Quality in Oral Mucosal Diseases,https://doi.org/10.3390/jpm16030129
skipped,duplicate_existing_record,,Yahoo,Yahoo,,2012,Automatic detection of click fraud in online advertisements,http://hdl.handle.net/2346/46429
skipped,duplicate_existing_record,,Yahoo,Yahoo,,2012,Digitally Altered: Making News in the 21st Century,https://doi.org/10.18848/1832-3669/cgp/v07i06/56251
skipped,duplicate_existing_record,,Yahoo,Yahoo,,2025,An Objective Analysis of the Quality and Readability of Online Information on Breast Implant Illness,https://doi.org/10.7759/cureus.82042
skipped,duplicate_existing_record,,Yahoo,Yahoo,,2011,"Special section on autonomic cloud computing: technologies, services, and applications",https://doi.org/10.1002/cpe.1865
skipped,duplicate_existing_record,,Yahoo,Yahoo,,2019,Sistema recomendador híbrido basado en modelos probabilísticos,https://doi.org/10.20868/upm.thesis.57250
inserted,,797,Yahoo,Yahoo,,2012,Eharmony: More Than Traditional Internet Dating,https://www.questia.com/library/journal/1G1-289621021/eharmony-more-than-traditional-internet-dating
skipped,duplicate_existing_record,,Yahoo,Yahoo,,2016,A COMPARATIVE STUDY OF ONLINE ADVERTISEMENTS ON YAHOO AND REDIFF HOMEPAGES,https://zenodo.org/record/7769556
inserted,,798,Yahoo,Yahoo,,2014,"Blues: A Regional Experience by Bob Eagle and Eric S. LeBlanc, and: The Great Jazz Guitarists: The Ultimate Guide by Scott Yanow (review)",https://doi.org/10.1353/not.2014.0093
skipped,duplicate_existing_record,,Yahoo,Yahoo,,2025,Evaluation of the Quality of Delirium Website Content for Patient and Family Education: Cross-Sectional Study,https://doi.org/10.2196/53087
skipped,duplicate_existing_record,,Yahoo,Yahoo,,2009,News and Notes,https://doi.org/10.1111/j.1360-0443.2009.02836.x
inserted,,799,Hairy Man,hairy man,,2024,The Collective Memory of the Hairy Man,http://dx.doi.org/10.60162/swamphen.10.18027
