old_record_id_or_candidate_id,old_export_record_id,promoted_canonical_record_id,previous_place,previous_latitude,previous_longitude,previous_location_role,current_location_rows,current_map_eligibility,exact_reason_for_disappearance,note
71,71,71,"Bendigo, VIC",-36.7590183,144.2826718,reported_place,"[{""confidence"": ""high"", ""country"": ""Australia"", ""evidence_text"": ""Bendigo (North West - witness requests not to disclose)"", ""geocode_source"": ""ayr_public_page_location_field"", ""latitude"": -36.7590183, ""location_notes"": ""Place/state extracted from public AYR page title or Location field; coordinates not asserted."", ""location_type"": ""locality"", ""longitude"": 144.2826718, ""notes"": ""AYR page title/Location field; place is source-stated and awaits geocoding if needed."", ""place_name"": ""Bendigo, VIC"", ""relation_type"": ""reported_place"", ""state_territory"": ""VIC"", ""verification_status"": ""source_named_place_needs_geocode""}]",not_eligible,invalid_or_unverified_coordinate,Coordinates are present but not verified for public map export: source_named_place_needs_geocode
90,90,90,"Batemans Bay, NSW",-35.7072183,150.178289,reported_place,"[{""confidence"": ""high"", ""country"": ""Australia"", ""evidence_text"": ""Batemans Bay, New South Wales"", ""geocode_source"": ""ayr_public_page_location_field"", ""latitude"": -35.7072183, ""location_notes"": ""Place/state extracted from public AYR page title or Location field; coordinates not asserted."", ""location_type"": ""locality"", ""longitude"": 150.178289, ""notes"": ""AYR page title/Location field; place is source-stated and awaits geocoding if needed."", ""place_name"": ""Batemans Bay, NSW"", ""relation_type"": ""reported_place"", ""state_territory"": ""NSW"", ""verification_status"": ""source_named_place_needs_geocode""}]",not_eligible,invalid_or_unverified_coordinate,Coordinates are present but not verified for public map export: source_named_place_needs_geocode
93,93,93,"Batemans Bay, NSW",-35.7072183,150.178289,reported_place,"[{""confidence"": ""high"", ""country"": ""Australia"", ""evidence_text"": ""Batemans Bay, New South Wales"", ""geocode_source"": ""ayr_public_page_location_field"", ""latitude"": -35.7072183, ""location_notes"": ""Place/state extracted from public AYR page title or Location field; coordinates not asserted."", ""location_type"": ""locality"", ""longitude"": 150.178289, ""notes"": ""AYR page title/Location field; place is source-stated and awaits geocoding if needed."", ""place_name"": ""Batemans Bay, NSW"", ""relation_type"": ""reported_place"", ""state_territory"": ""NSW"", ""verification_status"": ""source_named_place_needs_geocode""}]",not_eligible,invalid_or_unverified_coordinate,Coordinates are present but not verified for public map export: source_named_place_needs_geocode
109,109,109,"Kempsey, NSW",-30.9056457,152.5228021,reported_place,"[{""confidence"": ""high"", ""country"": ""Australia"", ""evidence_text"": ""Kempsey"", ""geocode_source"": ""ayr_public_page_location_field"", ""latitude"": -30.9056457, ""location_notes"": ""Place/state extracted from public AYR page title or Location field; coordinates not asserted."", ""location_type"": ""locality"", ""longitude"": 152.5228021, ""notes"": ""AYR page title/Location field; place is source-stated and awaits geocoding if needed."", ""place_name"": ""Kempsey, NSW"", ""relation_type"": ""reported_place"", ""state_territory"": ""NSW"", ""verification_status"": ""source_named_place_needs_geocode""}]",not_eligible,invalid_or_unverified_coordinate,Coordinates are present but not verified for public map export: source_named_place_needs_geocode
149,149,149,"Charters Towers, QLD",-20.0714089,146.2709824,reported_place,"[{""confidence"": ""high"", ""country"": ""Australia"", ""evidence_text"": ""Charters Towers, Queensland"", ""geocode_source"": ""ayr_public_page_location_field"", ""latitude"": -20.0714089, ""location_notes"": ""Place/state extracted from public AYR page title or Location field; coordinates not asserted."", ""location_type"": ""locality"", ""longitude"": 146.2709824, ""notes"": ""AYR page title/Location field; place is source-stated and awaits geocoding if needed."", ""place_name"": ""Charters Towers, QLD"", ""relation_type"": ""reported_place"", ""state_territory"": ""QLD"", ""verification_status"": ""source_named_place_needs_geocode""}]",not_eligible,invalid_or_unverified_coordinate,Coordinates are present but not verified for public map export: source_named_place_needs_geocode
154,154,154,"Charters Towers, QLD",-20.0714089,146.2709824,reported_place,"[{""confidence"": ""high"", ""country"": ""Australia"", ""evidence_text"": ""Charters Towers, Queensland"", ""geocode_source"": ""ayr_public_page_location_field"", ""latitude"": -20.0714089, ""location_notes"": ""Place/state extracted from public AYR page title or Location field; coordinates not asserted."", ""location_type"": ""locality"", ""longitude"": 146.2709824, ""notes"": ""AYR page title/Location field; place is source-stated and awaits geocoding if needed."", ""place_name"": ""Charters Towers, QLD"", ""relation_type"": ""reported_place"", ""state_territory"": ""QLD"", ""verification_status"": ""source_named_place_needs_geocode""}]",not_eligible,invalid_or_unverified_coordinate,Coordinates are present but not verified for public map export: source_named_place_needs_geocode
273,273,273,"Charters Towers, QLD",-20.0714089,146.2709824,reported_place,"[{""confidence"": ""high"", ""country"": ""Australia"", ""evidence_text"": ""Charters Towers, Queensland"", ""geocode_source"": ""ayr_public_page_location_field"", ""latitude"": -20.0714089, ""location_notes"": ""Place/state extracted from public AYR page title or Location field; coordinates not asserted."", ""location_type"": ""locality"", ""longitude"": 146.2709824, ""notes"": ""AYR page title/Location field; place is source-stated and awaits geocoding if needed."", ""place_name"": ""Charters Towers, QLD"", ""relation_type"": ""reported_place"", ""state_territory"": ""QLD"", ""verification_status"": ""source_named_place_needs_geocode""}]",not_eligible,invalid_or_unverified_coordinate,Coordinates are present but not verified for public map export: source_named_place_needs_geocode
382,382,382,"Crescent Head, NSW",-31.19,152.9761111,reported_place,"[{""confidence"": ""high"", ""country"": ""Australia"", ""evidence_text"": ""Crescent Head (between Crescent Head and Pt Macquarie), New South Wales"", ""geocode_source"": ""ayr_public_page_location_field"", ""latitude"": -31.19, ""location_notes"": ""Place/state extracted from public AYR page title or Location field; coordinates not asserted."", ""location_type"": ""locality"", ""longitude"": 152.9761111, ""notes"": ""AYR page title/Location field; place is source-stated and awaits geocoding if needed."", ""place_name"": ""Crescent Head, NSW"", ""relation_type"": ""reported_place"", ""state_territory"": ""NSW"", ""verification_status"": ""source_named_place_needs_geocode""}]",not_eligible,invalid_or_unverified_coordinate,Coordinates are present but not verified for public map export: source_named_place_needs_geocode
482,482,482,"Kempsey, NSW",-30.9056457,152.5228021,reported_place,"[{""confidence"": ""high"", ""country"": ""Australia"", ""evidence_text"": ""Kempsey, New South Wales"", ""geocode_source"": ""ayr_public_page_location_field"", ""latitude"": -30.9056457, ""location_notes"": ""Place/state extracted from public AYR page title or Location field; coordinates not asserted."", ""location_type"": ""locality"", ""longitude"": 152.5228021, ""notes"": ""AYR page title/Location field; place is source-stated and awaits geocoding if needed."", ""place_name"": ""Kempsey, NSW"", ""relation_type"": ""reported_place"", ""state_territory"": ""NSW"", ""verification_status"": ""source_named_place_needs_geocode""}]",not_eligible,invalid_or_unverified_coordinate,Coordinates are present but not verified for public map export: source_named_place_needs_geocode
637,637,637,"Sydney, NSW",-33.8698439,151.2082848,reported_place,"[{""confidence"": ""medium"", ""country"": ""Australia"", ""evidence_text"": ""1843 - Sydney Morning Herald"", ""geocode_source"": ""ayr_public_page_location_field"", ""latitude"": -33.8698439, ""location_notes"": ""Place/state extracted from public AYR page title or Location field; coordinates not asserted."", ""location_type"": ""locality"", ""longitude"": 151.2082848, ""notes"": ""AYR page title/Location field; place is source-stated and awaits geocoding if needed."", ""place_name"": ""Sydney, NSW"", ""relation_type"": ""reported_place"", ""state_territory"": ""NSW"", ""verification_status"": ""source_named_place_needs_geocode""}]",not_eligible,invalid_or_unverified_coordinate,Coordinates are present but not verified for public map export: source_named_place_needs_geocode
638,638,638,"Sydney, NSW",-33.8698439,151.2082848,reported_place,"[{""confidence"": ""medium"", ""country"": ""Australia"", ""evidence_text"": ""1843 - Sydney Morning Herald 2"", ""geocode_source"": ""ayr_public_page_location_field"", ""latitude"": -33.8698439, ""location_notes"": ""Place/state extracted from public AYR page title or Location field; coordinates not asserted."", ""location_type"": ""locality"", ""longitude"": 151.2082848, ""notes"": ""AYR page title/Location field; place is source-stated and awaits geocoding if needed."", ""place_name"": ""Sydney, NSW"", ""relation_type"": ""reported_place"", ""state_territory"": ""NSW"", ""verification_status"": ""source_named_place_needs_geocode""}]",not_eligible,invalid_or_unverified_coordinate,Coordinates are present but not verified for public map export: source_named_place_needs_geocode
641,641,641,"Sydney, NSW",-33.8698439,151.2082848,reported_place,"[{""confidence"": ""medium"", ""country"": ""Australia"", ""evidence_text"": ""1847 - Sydney Morning Herald Article"", ""geocode_source"": ""ayr_public_page_location_field"", ""latitude"": -33.8698439, ""location_notes"": ""Place/state extracted from public AYR page title or Location field; coordinates not asserted."", ""location_type"": ""locality"", ""longitude"": 151.2082848, ""notes"": ""AYR page title/Location field; place is source-stated and awaits geocoding if needed."", ""place_name"": ""Sydney, NSW"", ""relation_type"": ""reported_place"", ""state_territory"": ""NSW"", ""verification_status"": ""source_named_place_needs_geocode""}]",not_eligible,invalid_or_unverified_coordinate,Coordinates are present but not verified for public map export: source_named_place_needs_geocode
644,644,644,"Sydney, NSW",-33.8698439,151.2082848,reported_place,"[{""confidence"": ""medium"", ""country"": ""Australia"", ""evidence_text"": ""1866 - Sydney Morning Herald"", ""geocode_source"": ""ayr_public_page_location_field"", ""latitude"": -33.8698439, ""location_notes"": ""Place/state extracted from public AYR page title or Location field; coordinates not asserted."", ""location_type"": ""locality"", ""longitude"": 151.2082848, ""notes"": ""AYR page title/Location field; place is source-stated and awaits geocoding if needed."", ""place_name"": ""Sydney, NSW"", ""relation_type"": ""reported_place"", ""state_territory"": ""NSW"", ""verification_status"": ""source_named_place_needs_geocode""}]",not_eligible,invalid_or_unverified_coordinate,Coordinates are present but not verified for public map export: source_named_place_needs_geocode
652,652,652,"Sydney, NSW",-33.8698439,151.2082848,reported_place,"[{""confidence"": ""medium"", ""country"": ""Australia"", ""evidence_text"": ""1871 (1) - Empire, Sydney"", ""geocode_source"": ""ayr_public_page_location_field"", ""latitude"": -33.8698439, ""location_notes"": ""Place/state extracted from public AYR page title or Location field; coordinates not asserted."", ""location_type"": ""locality"", ""longitude"": 151.2082848, ""notes"": ""AYR page title/Location field; place is source-stated and awaits geocoding if needed."", ""place_name"": ""Sydney, NSW"", ""relation_type"": ""reported_place"", ""state_territory"": ""NSW"", ""verification_status"": ""source_named_place_needs_geocode""}]",not_eligible,invalid_or_unverified_coordinate,Coordinates are present but not verified for public map export: source_named_place_needs_geocode
653,653,653,"Sydney, NSW",-33.8698439,151.2082848,reported_place,"[{""confidence"": ""medium"", ""country"": ""Australia"", ""evidence_text"": ""1871 (2) - Empire, Sydney"", ""geocode_source"": ""ayr_public_page_location_field"", ""latitude"": -33.8698439, ""location_notes"": ""Place/state extracted from public AYR page title or Location field; coordinates not asserted."", ""location_type"": ""locality"", ""longitude"": 151.2082848, ""notes"": ""AYR page title/Location field; place is source-stated and awaits geocoding if needed."", ""place_name"": ""Sydney, NSW"", ""relation_type"": ""reported_place"", ""state_territory"": ""NSW"", ""verification_status"": ""source_named_place_needs_geocode""}]",not_eligible,invalid_or_unverified_coordinate,Coordinates are present but not verified for public map export: source_named_place_needs_geocode
655,655,655,"Sydney, NSW",-33.8698439,151.2082848,reported_place,"[{""confidence"": ""medium"", ""country"": ""Australia"", ""evidence_text"": ""1871 (3) - Empire, Sydney"", ""geocode_source"": ""ayr_public_page_location_field"", ""latitude"": -33.8698439, ""location_notes"": ""Place/state extracted from public AYR page title or Location field; coordinates not asserted."", ""location_type"": ""locality"", ""longitude"": 151.2082848, ""notes"": ""AYR page title/Location field; place is source-stated and awaits geocoding if needed."", ""place_name"": ""Sydney, NSW"", ""relation_type"": ""reported_place"", ""state_territory"": ""NSW"", ""verification_status"": ""source_named_place_needs_geocode""}]",not_eligible,invalid_or_unverified_coordinate,Coordinates are present but not verified for public map export: source_named_place_needs_geocode
661,661,661,"Sydney, NSW",-33.8698439,151.2082848,reported_place,"[{""confidence"": ""medium"", ""country"": ""Australia"", ""evidence_text"": ""1877 - Sydney Morning Herald Article"", ""geocode_source"": ""ayr_public_page_location_field"", ""latitude"": -33.8698439, ""location_notes"": ""Place/state extracted from public AYR page title or Location field; coordinates not asserted."", ""location_type"": ""locality"", ""longitude"": 151.2082848, ""notes"": ""AYR page title/Location field; place is source-stated and awaits geocoding if needed."", ""place_name"": ""Sydney, NSW"", ""relation_type"": ""reported_place"", ""state_territory"": ""NSW"", ""verification_status"": ""source_named_place_needs_geocode""}]",not_eligible,invalid_or_unverified_coordinate,Coordinates are present but not verified for public map export: source_named_place_needs_geocode
667,667,667,"Melbourne, VIC",-37.8142454,144.9631732,reported_place,"[{""confidence"": ""medium"", ""country"": ""Australia"", ""evidence_text"": ""1880 - Melbourne Argus"", ""geocode_source"": ""ayr_public_page_location_field"", ""latitude"": -37.8142454, ""location_notes"": ""Place/state extracted from public AYR page title or Location field; coordinates not asserted."", ""location_type"": ""locality"", ""longitude"": 144.9631732, ""notes"": ""AYR page title/Location field; place is source-stated and awaits geocoding if needed."", ""place_name"": ""Melbourne, VIC"", ""relation_type"": ""reported_place"", ""state_territory"": ""VIC"", ""verification_status"": ""source_named_place_needs_geocode""}]",not_eligible,invalid_or_unverified_coordinate,Coordinates are present but not verified for public map export: source_named_place_needs_geocode
669,669,669,"Sydney, NSW",-33.8698439,151.2082848,reported_place,"[{""confidence"": ""medium"", ""country"": ""Australia"", ""evidence_text"": ""1880 - Sydney Morning Herald"", ""geocode_source"": ""ayr_public_page_location_field"", ""latitude"": -33.8698439, ""location_notes"": ""Place/state extracted from public AYR page title or Location field; coordinates not asserted."", ""location_type"": ""locality"", ""longitude"": 151.2082848, ""notes"": ""AYR page title/Location field; place is source-stated and awaits geocoding if needed."", ""place_name"": ""Sydney, NSW"", ""relation_type"": ""reported_place"", ""state_territory"": ""NSW"", ""verification_status"": ""source_named_place_needs_geocode""}]",not_eligible,invalid_or_unverified_coordinate,Coordinates are present but not verified for public map export: source_named_place_needs_geocode
679,679,679,"Brisbane, QLD",-27.4689623,153.0235009,reported_place,"[{""confidence"": ""medium"", ""country"": ""Australia"", ""evidence_text"": ""1886 - Brisbane Courier"", ""geocode_source"": ""ayr_public_page_location_field"", ""latitude"": -27.4689623, ""location_notes"": ""Place/state extracted from public AYR page title or Location field; coordinates not asserted."", ""location_type"": ""locality"", ""longitude"": 153.0235009, ""notes"": ""AYR page title/Location field; place is source-stated and awaits geocoding if needed."", ""place_name"": ""Brisbane, QLD"", ""relation_type"": ""reported_place"", ""state_territory"": ""QLD"", ""verification_status"": ""source_named_place_needs_geocode""}]",not_eligible,invalid_or_unverified_coordinate,Coordinates are present but not verified for public map export: source_named_place_needs_geocode
701,701,701,"Brisbane, QLD",-27.4689623,153.0235009,reported_place,"[{""confidence"": ""medium"", ""country"": ""Australia"", ""evidence_text"": ""1909 - Brisbane Workers Newspaper"", ""geocode_source"": ""ayr_public_page_location_field"", ""latitude"": -27.4689623, ""location_notes"": ""Place/state extracted from public AYR page title or Location field; coordinates not asserted."", ""location_type"": ""locality"", ""longitude"": 153.0235009, ""notes"": ""AYR page title/Location field; place is source-stated and awaits geocoding if needed."", ""place_name"": ""Brisbane, QLD"", ""relation_type"": ""reported_place"", ""state_territory"": ""QLD"", ""verification_status"": ""source_named_place_needs_geocode""}]",not_eligible,invalid_or_unverified_coordinate,Coordinates are present but not verified for public map export: source_named_place_needs_geocode
705,705,705,"Sydney, NSW",-33.8698439,151.2082848,reported_place,"[{""confidence"": ""medium"", ""country"": ""Australia"", ""evidence_text"": ""1912 - Sydney Morning Herald"", ""geocode_source"": ""ayr_public_page_location_field"", ""latitude"": -33.8698439, ""location_notes"": ""Place/state extracted from public AYR page title or Location field; coordinates not asserted."", ""location_type"": ""locality"", ""longitude"": 151.2082848, ""notes"": ""AYR page title/Location field; place is source-stated and awaits geocoding if needed."", ""place_name"": ""Sydney, NSW"", ""relation_type"": ""reported_place"", ""state_territory"": ""NSW"", ""verification_status"": ""source_named_place_needs_geocode""}]",not_eligible,invalid_or_unverified_coordinate,Coordinates are present but not verified for public map export: source_named_place_needs_geocode
706,706,706,"Sydney, NSW",-33.8698439,151.2082848,reported_place,"[{""confidence"": ""medium"", ""country"": ""Australia"", ""evidence_text"": ""1912 - Sydney Morning Herald Article"", ""geocode_source"": ""ayr_public_page_location_field"", ""latitude"": -33.8698439, ""location_notes"": ""Place/state extracted from public AYR page title or Location field; coordinates not asserted."", ""location_type"": ""locality"", ""longitude"": 151.2082848, ""notes"": ""AYR page title/Location field; place is source-stated and awaits geocoding if needed."", ""place_name"": ""Sydney, NSW"", ""relation_type"": ""reported_place"", ""state_territory"": ""NSW"", ""verification_status"": ""source_named_place_needs_geocode""}]",not_eligible,invalid_or_unverified_coordinate,Coordinates are present but not verified for public map export: source_named_place_needs_geocode
708,708,708,"Sydney, NSW",-33.8698439,151.2082848,reported_place,"[{""confidence"": ""medium"", ""country"": ""Australia"", ""evidence_text"": ""1912 (2) - Sydney Sun Article"", ""geocode_source"": ""ayr_public_page_location_field"", ""latitude"": -33.8698439, ""location_notes"": ""Place/state extracted from public AYR page title or Location field; coordinates not asserted."", ""location_type"": ""locality"", ""longitude"": 151.2082848, ""notes"": ""AYR page title/Location field; place is source-stated and awaits geocoding if needed."", ""place_name"": ""Sydney, NSW"", ""relation_type"": ""reported_place"", ""state_territory"": ""NSW"", ""verification_status"": ""source_named_place_needs_geocode""}]",not_eligible,invalid_or_unverified_coordinate,Coordinates are present but not verified for public map export: source_named_place_needs_geocode
712,712,712,"Brisbane, QLD",-27.4689623,153.0235009,reported_place,"[{""confidence"": ""medium"", ""country"": ""Australia"", ""evidence_text"": ""1928 - Brisbane Courier"", ""geocode_source"": ""ayr_public_page_location_field"", ""latitude"": -27.4689623, ""location_notes"": ""Place/state extracted from public AYR page title or Location field; coordinates not asserted."", ""location_type"": ""locality"", ""longitude"": 153.0235009, ""notes"": ""AYR page title/Location field; place is source-stated and awaits geocoding if needed."", ""place_name"": ""Brisbane, QLD"", ""relation_type"": ""reported_place"", ""state_territory"": ""QLD"", ""verification_status"": ""source_named_place_needs_geocode""}]",not_eligible,invalid_or_unverified_coordinate,Coordinates are present but not verified for public map export: source_named_place_needs_geocode
824,824,824,"Sydney, NSW",-33.8698439,151.2082848,reported_place,"[{""confidence"": ""medium"", ""country"": ""Australia"", ""evidence_text"": ""1935 - Sydney Morning Herald"", ""geocode_source"": ""ayr_public_page_location_field"", ""latitude"": -33.8698439, ""location_notes"": ""Place/state extracted from public AYR page title or Location field; coordinates not asserted."", ""location_type"": ""locality"", ""longitude"": 151.2082848, ""notes"": ""AYR page title/Location field; place is source-stated and awaits geocoding if needed."", ""place_name"": ""Sydney, NSW"", ""relation_type"": ""reported_place"", ""state_territory"": ""NSW"", ""verification_status"": ""source_named_place_needs_geocode""}]",not_eligible,invalid_or_unverified_coordinate,Coordinates are present but not verified for public map export: source_named_place_needs_geocode
855,855,855,"Melbourne, VIC",-37.8142454,144.9631732,reported_place,"[{""confidence"": ""medium"", ""country"": ""Australia"", ""evidence_text"": ""1861 - The Argus Yowie Article"", ""geocode_source"": ""ayr_public_page_location_field"", ""latitude"": -37.8142454, ""location_notes"": ""Place/state extracted from public AYR page title or Location field; coordinates not asserted."", ""location_type"": ""locality"", ""longitude"": 144.9631732, ""notes"": ""AYR page title/Location field; place is source-stated and awaits geocoding if needed."", ""place_name"": ""Melbourne, VIC"", ""relation_type"": ""reported_place"", ""state_territory"": ""VIC"", ""verification_status"": ""source_named_place_needs_geocode""}]",not_eligible,invalid_or_unverified_coordinate,Coordinates are present but not verified for public map export: source_named_place_needs_geocode
856,856,856,"Sydney, NSW",-33.8698439,151.2082848,reported_place,"[{""confidence"": ""medium"", ""country"": ""Australia"", ""evidence_text"": ""1871 - Sydney Herald Yowie Article"", ""geocode_source"": ""ayr_public_page_location_field"", ""latitude"": -33.8698439, ""location_notes"": ""Place/state extracted from public AYR page title or Location field; coordinates not asserted."", ""location_type"": ""locality"", ""longitude"": 151.2082848, ""notes"": ""AYR page title/Location field; place is source-stated and awaits geocoding if needed."", ""place_name"": ""Sydney, NSW"", ""relation_type"": ""reported_place"", ""state_territory"": ""NSW"", ""verification_status"": ""source_named_place_needs_geocode""}]",not_eligible,invalid_or_unverified_coordinate,Coordinates are present but not verified for public map export: source_named_place_needs_geocode
859,859,859,"Sydney, NSW",-33.8698439,151.2082848,reported_place,"[{""confidence"": ""medium"", ""country"": ""Australia"", ""evidence_text"": ""1877 - Sydney Morning Herald Yowie Article"", ""geocode_source"": ""ayr_public_page_location_field"", ""latitude"": -33.8698439, ""location_notes"": ""Place/state extracted from public AYR page title or Location field; coordinates not asserted."", ""location_type"": ""locality"", ""longitude"": 151.2082848, ""notes"": ""AYR page title/Location field; place is source-stated and awaits geocoding if needed."", ""place_name"": ""Sydney, NSW"", ""relation_type"": ""reported_place"", ""state_territory"": ""NSW"", ""verification_status"": ""source_named_place_needs_geocode""}]",not_eligible,invalid_or_unverified_coordinate,Coordinates are present but not verified for public map export: source_named_place_needs_geocode
863,863,863,"Sydney, NSW",-33.8698439,151.2082848,reported_place,"[{""confidence"": ""medium"", ""country"": ""Australia"", ""evidence_text"": ""1892 - Sydney Mail Yowie Article"", ""geocode_source"": ""ayr_public_page_location_field"", ""latitude"": -33.8698439, ""location_notes"": ""Place/state extracted from public AYR page title or Location field; coordinates not asserted."", ""location_type"": ""locality"", ""longitude"": 151.2082848, ""notes"": ""AYR page title/Location field; place is source-stated and awaits geocoding if needed."", ""place_name"": ""Sydney, NSW"", ""relation_type"": ""reported_place"", ""state_territory"": ""NSW"", ""verification_status"": ""source_named_place_needs_geocode""}]",not_eligible,invalid_or_unverified_coordinate,Coordinates are present but not verified for public map export: source_named_place_needs_geocode
867,867,867,"Melbourne, VIC",-37.8142454,144.9631732,reported_place,"[{""confidence"": ""medium"", ""country"": ""Australia"", ""evidence_text"": ""1903 - Delegate Argus Yowie Article"", ""geocode_source"": ""ayr_public_page_location_field"", ""latitude"": -37.8142454, ""location_notes"": ""Place/state extracted from public AYR page title or Location field; coordinates not asserted."", ""location_type"": ""locality"", ""longitude"": 144.9631732, ""notes"": ""AYR page title/Location field; place is source-stated and awaits geocoding if needed."", ""place_name"": ""Melbourne, VIC"", ""relation_type"": ""reported_place"", ""state_territory"": ""VIC"", ""verification_status"": ""source_named_place_needs_geocode""}]",not_eligible,invalid_or_unverified_coordinate,Coordinates are present but not verified for public map export: source_named_place_needs_geocode
881,881,881,"Sydney, NSW",-33.8698439,151.2082848,reported_place,"[{""confidence"": ""medium"", ""country"": ""Australia"", ""evidence_text"": ""1912 - Sydney Morning Heald Yowie Article"", ""geocode_source"": ""ayr_public_page_location_field"", ""latitude"": -33.8698439, ""location_notes"": ""Place/state extracted from public AYR page title or Location field; coordinates not asserted."", ""location_type"": ""locality"", ""longitude"": 151.2082848, ""notes"": ""AYR page title/Location field; place is source-stated and awaits geocoding if needed."", ""place_name"": ""Sydney, NSW"", ""relation_type"": ""reported_place"", ""state_territory"": ""NSW"", ""verification_status"": ""source_named_place_needs_geocode""}]",not_eligible,invalid_or_unverified_coordinate,Coordinates are present but not verified for public map export: source_named_place_needs_geocode
888,888,888,"Sydney, NSW",-33.8698439,151.2082848,reported_place,"[{""confidence"": ""medium"", ""country"": ""Australia"", ""evidence_text"": ""1964 - Sydney Herald Yowie Article"", ""geocode_source"": ""ayr_public_page_location_field"", ""latitude"": -33.8698439, ""location_notes"": ""Place/state extracted from public AYR page title or Location field; coordinates not asserted."", ""location_type"": ""locality"", ""longitude"": 151.2082848, ""notes"": ""AYR page title/Location field; place is source-stated and awaits geocoding if needed."", ""place_name"": ""Sydney, NSW"", ""relation_type"": ""reported_place"", ""state_territory"": ""NSW"", ""verification_status"": ""source_named_place_needs_geocode""}]",not_eligible,invalid_or_unverified_coordinate,Coordinates are present but not verified for public map export: source_named_place_needs_geocode
889,889,889,"Sydney, NSW",-33.8698439,151.2082848,reported_place,"[{""confidence"": ""medium"", ""country"": ""Australia"", ""evidence_text"": ""1965 - Sydney Sun Yowie Article"", ""geocode_source"": ""ayr_public_page_location_field"", ""latitude"": -33.8698439, ""location_notes"": ""Place/state extracted from public AYR page title or Location field; coordinates not asserted."", ""location_type"": ""locality"", ""longitude"": 151.2082848, ""notes"": ""AYR page title/Location field; place is source-stated and awaits geocoding if needed."", ""place_name"": ""Sydney, NSW"", ""relation_type"": ""reported_place"", ""state_territory"": ""NSW"", ""verification_status"": ""source_named_place_needs_geocode""}]",not_eligible,invalid_or_unverified_coordinate,Coordinates are present but not verified for public map export: source_named_place_needs_geocode
890,890,890,"Brisbane, QLD",-27.4689623,153.0235009,reported_place,"[{""confidence"": ""medium"", ""country"": ""Australia"", ""evidence_text"": ""1970 - Courier Mail Yowie Article"", ""geocode_source"": ""ayr_public_page_location_field"", ""latitude"": -27.4689623, ""location_notes"": ""Place/state extracted from public AYR page title or Location field; coordinates not asserted."", ""location_type"": ""locality"", ""longitude"": 153.0235009, ""notes"": ""AYR page title/Location field; place is source-stated and awaits geocoding if needed."", ""place_name"": ""Brisbane, QLD"", ""relation_type"": ""reported_place"", ""state_territory"": ""QLD"", ""verification_status"": ""source_named_place_needs_geocode""}]",not_eligible,invalid_or_unverified_coordinate,Coordinates are present but not verified for public map export: source_named_place_needs_geocode
893,893,893,"Sydney, NSW",-33.8698439,151.2082848,reported_place,"[{""confidence"": ""medium"", ""country"": ""Australia"", ""evidence_text"": ""1976 - Sydney Sun Yowie Article"", ""geocode_source"": ""ayr_public_page_location_field"", ""latitude"": -33.8698439, ""location_notes"": ""Place/state extracted from public AYR page title or Location field; coordinates not asserted."", ""location_type"": ""locality"", ""longitude"": 151.2082848, ""notes"": ""AYR page title/Location field; place is source-stated and awaits geocoding if needed."", ""place_name"": ""Sydney, NSW"", ""relation_type"": ""reported_place"", ""state_territory"": ""NSW"", ""verification_status"": ""source_named_place_needs_geocode""}]",not_eligible,invalid_or_unverified_coordinate,Coordinates are present but not verified for public map export: source_named_place_needs_geocode
928,928,928,"Sydney, NSW",-33.8698439,151.2082848,reported_place,"[{""confidence"": ""medium"", ""country"": ""Australia"", ""evidence_text"": ""1987 - Sydney Sun Yowie Article"", ""geocode_source"": ""ayr_public_page_location_field"", ""latitude"": -33.8698439, ""location_notes"": ""Place/state extracted from public AYR page title or Location field; coordinates not asserted."", ""location_type"": ""locality"", ""longitude"": 151.2082848, ""notes"": ""AYR page title/Location field; place is source-stated and awaits geocoding if needed."", ""place_name"": ""Sydney, NSW"", ""relation_type"": ""reported_place"", ""state_territory"": ""NSW"", ""verification_status"": ""source_named_place_needs_geocode""}]",not_eligible,invalid_or_unverified_coordinate,Coordinates are present but not verified for public map export: source_named_place_needs_geocode
936,936,936,"Brisbane, QLD",-27.4689623,153.0235009,reported_place,"[{""confidence"": ""medium"", ""country"": ""Australia"", ""evidence_text"": ""1994 - Brisbane Daily Yowie Article"", ""geocode_source"": ""ayr_public_page_location_field"", ""latitude"": -27.4689623, ""location_notes"": ""Place/state extracted from public AYR page title or Location field; coordinates not asserted."", ""location_type"": ""locality"", ""longitude"": 153.0235009, ""notes"": ""AYR page title/Location field; place is source-stated and awaits geocoding if needed."", ""place_name"": ""Brisbane, QLD"", ""relation_type"": ""reported_place"", ""state_territory"": ""QLD"", ""verification_status"": ""source_named_place_needs_geocode""}]",not_eligible,invalid_or_unverified_coordinate,Coordinates are present but not verified for public map export: source_named_place_needs_geocode
938,938,938,"Sunshine Coast, QLD",-26.7079095,152.8508329,reported_place,"[{""confidence"": ""medium"", ""country"": ""Australia"", ""evidence_text"": ""1994 - Sunshine Coast Magazine Yowie Article"", ""geocode_source"": ""ayr_public_page_location_field"", ""latitude"": -26.7079095, ""location_notes"": ""Place/state extracted from public AYR page title or Location field; coordinates not asserted."", ""location_type"": ""locality"", ""longitude"": 152.8508329, ""notes"": ""AYR page title/Location field; place is source-stated and awaits geocoding if needed."", ""place_name"": ""Sunshine Coast, QLD"", ""relation_type"": ""reported_place"", ""state_territory"": ""QLD"", ""verification_status"": ""source_named_place_needs_geocode""}]",not_eligible,invalid_or_unverified_coordinate,Coordinates are present but not verified for public map export: source_named_place_needs_geocode
960,960,960,"Sydney, NSW",-33.8698439,151.2082848,reported_place,"[{""confidence"": ""medium"", ""country"": ""Australia"", ""evidence_text"": ""2012 - Sydney Telegraph Yowie Article"", ""geocode_source"": ""ayr_public_page_location_field"", ""latitude"": -33.8698439, ""location_notes"": ""Place/state extracted from public AYR page title or Location field; coordinates not asserted."", ""location_type"": ""locality"", ""longitude"": 151.2082848, ""notes"": ""AYR page title/Location field; place is source-stated and awaits geocoding if needed."", ""place_name"": ""Sydney, NSW"", ""relation_type"": ""reported_place"", ""state_territory"": ""NSW"", ""verification_status"": ""source_named_place_needs_geocode""}]",not_eligible,invalid_or_unverified_coordinate,Coordinates are present but not verified for public map export: source_named_place_needs_geocode
980,980,980,"Sunshine Coast, QLD",-26.7079095,152.8508329,reported_place,"[{""confidence"": ""medium"", ""country"": ""Australia"", ""evidence_text"": ""2017 - Sunshine Coast Daily Yowie Article 13-12-2017"", ""geocode_source"": ""ayr_public_page_location_field"", ""latitude"": -26.7079095, ""location_notes"": ""Place/state extracted from public AYR page title or Location field; coordinates not asserted."", ""location_type"": ""locality"", ""longitude"": 152.8508329, ""notes"": ""AYR page title/Location field; place is source-stated and awaits geocoding if needed."", ""place_name"": ""Sunshine Coast, QLD"", ""relation_type"": ""reported_place"", ""state_territory"": ""QLD"", ""verification_status"": ""source_named_place_needs_geocode""}]",not_eligible,invalid_or_unverified_coordinate,Coordinates are present but not verified for public map export: source_named_place_needs_geocode
983,983,983,"Sydney, NSW",-33.8698439,151.2082848,reported_place,"[{""confidence"": ""medium"", ""country"": ""Australia"", ""evidence_text"": ""2018 - Sydney Morning Herald Yowie Article 10-11-2018"", ""geocode_source"": ""ayr_public_page_location_field"", ""latitude"": -33.8698439, ""location_notes"": ""Place/state extracted from public AYR page title or Location field; coordinates not asserted."", ""location_type"": ""locality"", ""longitude"": 151.2082848, ""notes"": ""AYR page title/Location field; place is source-stated and awaits geocoding if needed."", ""place_name"": ""Sydney, NSW"", ""relation_type"": ""reported_place"", ""state_territory"": ""NSW"", ""verification_status"": ""source_named_place_needs_geocode""}]",not_eligible,invalid_or_unverified_coordinate,Coordinates are present but not verified for public map export: source_named_place_needs_geocode
984,984,984,"Brisbane, QLD",-27.4689623,153.0235009,reported_place,"[{""confidence"": ""medium"", ""country"": ""Australia"", ""evidence_text"": ""2019 - Courier Mail Yowie Article 15-07-2019"", ""geocode_source"": ""ayr_public_page_location_field"", ""latitude"": -27.4689623, ""location_notes"": ""Place/state extracted from public AYR page title or Location field; coordinates not asserted."", ""location_type"": ""locality"", ""longitude"": 153.0235009, ""notes"": ""AYR page title/Location field; place is source-stated and awaits geocoding if needed."", ""place_name"": ""Brisbane, QLD"", ""relation_type"": ""reported_place"", ""state_territory"": ""QLD"", ""verification_status"": ""source_named_place_needs_geocode""}]",not_eligible,invalid_or_unverified_coordinate,Coordinates are present but not verified for public map export: source_named_place_needs_geocode
1003,1003,1003,"Brisbane, QLD",-27.4689623,153.0235009,reported_place,"[{""confidence"": ""medium"", ""country"": ""Australia"", ""evidence_text"": ""2021 - Courier Mail Yowie Article 07-02-2021"", ""geocode_source"": ""ayr_public_page_location_field"", ""latitude"": -27.4689623, ""location_notes"": ""Place/state extracted from public AYR page title or Location field; coordinates not asserted."", ""location_type"": ""locality"", ""longitude"": 153.0235009, ""notes"": ""AYR page title/Location field; place is source-stated and awaits geocoding if needed."", ""place_name"": ""Brisbane, QLD"", ""relation_type"": ""reported_place"", ""state_territory"": ""QLD"", ""verification_status"": ""source_named_place_needs_geocode""}]",not_eligible,invalid_or_unverified_coordinate,Coordinates are present but not verified for public map export: source_named_place_needs_geocode
1023,1023,1023,"Sydney, NSW",-33.8698439,151.2082848,reported_place,"[{""confidence"": ""medium"", ""country"": ""Australia"", ""evidence_text"": ""1876 - Freemans Journal, Walla Walla"", ""geocode_source"": ""ayr_public_page_location_field"", ""latitude"": -33.8698439, ""location_notes"": ""Place/state extracted from public AYR page title or Location field; coordinates not asserted."", ""location_type"": ""locality"", ""longitude"": 151.2082848, ""notes"": ""AYR page title/Location field; place is source-stated and awaits geocoding if needed."", ""place_name"": ""Sydney, NSW"", ""relation_type"": ""reported_place"", ""state_territory"": ""NSW"", ""verification_status"": ""source_named_place_needs_geocode""}]",not_eligible,invalid_or_unverified_coordinate,Coordinates are present but not verified for public map export: source_named_place_needs_geocode
1024,1024,1024,"Sydney, NSW",-33.8698439,151.2082848,reported_place,"[{""confidence"": ""medium"", ""country"": ""Australia"", ""evidence_text"": ""1876 - Town and Country Article"", ""geocode_source"": ""ayr_public_page_location_field"", ""latitude"": -33.8698439, ""location_notes"": ""Place/state extracted from public AYR page title or Location field; coordinates not asserted."", ""location_type"": ""locality"", ""longitude"": 151.2082848, ""notes"": ""AYR page title/Location field; place is source-stated and awaits geocoding if needed."", ""place_name"": ""Sydney, NSW"", ""relation_type"": ""reported_place"", ""state_territory"": ""NSW"", ""verification_status"": ""source_named_place_needs_geocode""}]",not_eligible,invalid_or_unverified_coordinate,Coordinates are present but not verified for public map export: source_named_place_needs_geocode
1028,1028,1028,"Batemans Bay, NSW",-35.7072183,150.178289,reported_place,"[{""confidence"": ""medium"", ""country"": ""Australia"", ""evidence_text"": ""2000 - Batemans Bay Post Yowie Article"", ""geocode_source"": ""ayr_public_page_location_field"", ""latitude"": -35.7072183, ""location_notes"": ""Place/state extracted from public AYR page title or Location field; coordinates not asserted."", ""location_type"": ""locality"", ""longitude"": 150.178289, ""notes"": ""AYR page title/Location field; place is source-stated and awaits geocoding if needed."", ""place_name"": ""Batemans Bay, NSW"", ""relation_type"": ""reported_place"", ""state_territory"": ""NSW"", ""verification_status"": ""source_named_place_needs_geocode""}]",not_eligible,invalid_or_unverified_coordinate,Coordinates are present but not verified for public map export: source_named_place_needs_geocode
1030,1030,1030,"Sydney, NSW",-33.8698439,151.2082848,reported_place,"[{""confidence"": ""medium"", ""country"": ""Australia"", ""evidence_text"": ""1885 - Australian Town and Country Yowie Article"", ""geocode_source"": ""ayr_public_page_location_field"", ""latitude"": -33.8698439, ""location_notes"": ""Place/state extracted from public AYR page title or Location field; coordinates not asserted."", ""location_type"": ""locality"", ""longitude"": 151.2082848, ""notes"": ""AYR page title/Location field; place is source-stated and awaits geocoding if needed."", ""place_name"": ""Sydney, NSW"", ""relation_type"": ""reported_place"", ""state_territory"": ""NSW"", ""verification_status"": ""source_named_place_needs_geocode""}]",not_eligible,invalid_or_unverified_coordinate,Coordinates are present but not verified for public map export: source_named_place_needs_geocode
1031,1031,1031,"Brisbane, QLD",-27.4689623,153.0235009,reported_place,"[{""confidence"": ""medium"", ""country"": ""Australia"", ""evidence_text"": ""1912 - Sunday Mail Yowie Article"", ""geocode_source"": ""ayr_public_page_location_field"", ""latitude"": -27.4689623, ""location_notes"": ""Place/state extracted from public AYR page title or Location field; coordinates not asserted."", ""location_type"": ""locality"", ""longitude"": 153.0235009, ""notes"": ""AYR page title/Location field; place is source-stated and awaits geocoding if needed."", ""place_name"": ""Brisbane, QLD"", ""relation_type"": ""reported_place"", ""state_territory"": ""QLD"", ""verification_status"": ""source_named_place_needs_geocode""}]",not_eligible,invalid_or_unverified_coordinate,Coordinates are present but not verified for public map export: source_named_place_needs_geocode
1032,1032,1032,"Sydney, NSW",-33.8698439,151.2082848,reported_place,"[{""confidence"": ""medium"", ""country"": ""Australia"", ""evidence_text"": ""1973 - Daily Telegraph Yowie Article"", ""geocode_source"": ""ayr_public_page_location_field"", ""latitude"": -33.8698439, ""location_notes"": ""Place/state extracted from public AYR page title or Location field; coordinates not asserted."", ""location_type"": ""locality"", ""longitude"": 151.2082848, ""notes"": ""AYR page title/Location field; place is source-stated and awaits geocoding if needed."", ""place_name"": ""Sydney, NSW"", ""relation_type"": ""reported_place"", ""state_territory"": ""NSW"", ""verification_status"": ""source_named_place_needs_geocode""}]",not_eligible,invalid_or_unverified_coordinate,Coordinates are present but not verified for public map export: source_named_place_needs_geocode
1033,1033,1033,"Sydney, NSW",-33.8698439,151.2082848,reported_place,"[{""confidence"": ""medium"", ""country"": ""Australia"", ""evidence_text"": ""1973 - Daily Telegraph Yowie Article 2"", ""geocode_source"": ""ayr_public_page_location_field"", ""latitude"": -33.8698439, ""location_notes"": ""Place/state extracted from public AYR page title or Location field; coordinates not asserted."", ""location_type"": ""locality"", ""longitude"": 151.2082848, ""notes"": ""AYR page title/Location field; place is source-stated and awaits geocoding if needed."", ""place_name"": ""Sydney, NSW"", ""relation_type"": ""reported_place"", ""state_territory"": ""NSW"", ""verification_status"": ""source_named_place_needs_geocode""}]",not_eligible,invalid_or_unverified_coordinate,Coordinates are present but not verified for public map export: source_named_place_needs_geocode
1034,1034,1034,"Sydney, NSW",-33.8698439,151.2082848,reported_place,"[{""confidence"": ""medium"", ""country"": ""Australia"", ""evidence_text"": ""1976 - Sun Herald Yowie Article"", ""geocode_source"": ""ayr_public_page_location_field"", ""latitude"": -33.8698439, ""location_notes"": ""Place/state extracted from public AYR page title or Location field; coordinates not asserted."", ""location_type"": ""locality"", ""longitude"": 151.2082848, ""notes"": ""AYR page title/Location field; place is source-stated and awaits geocoding if needed."", ""place_name"": ""Sydney, NSW"", ""relation_type"": ""reported_place"", ""state_territory"": ""NSW"", ""verification_status"": ""source_named_place_needs_geocode""}]",not_eligible,invalid_or_unverified_coordinate,Coordinates are present but not verified for public map export: source_named_place_needs_geocode
1036,1036,1036,"Crescent Head, NSW",-31.19,152.9761111,reported_place,"[{""confidence"": ""medium"", ""country"": ""Australia"", ""evidence_text"": ""1977 - Melba Cullen's 1930 Encounter at Crescent Head"", ""geocode_source"": ""ayr_public_page_location_field"", ""latitude"": -31.19, ""location_notes"": ""Place/state extracted from public AYR page title or Location field; coordinates not asserted."", ""location_type"": ""locality"", ""longitude"": 152.9761111, ""notes"": ""AYR page title/Location field; place is source-stated and awaits geocoding if needed."", ""place_name"": ""Crescent Head, NSW"", ""relation_type"": ""reported_place"", ""state_territory"": ""NSW"", ""verification_status"": ""source_named_place_needs_geocode""}]",not_eligible,invalid_or_unverified_coordinate,Coordinates are present but not verified for public map export: source_named_place_needs_geocode
1037,1037,1037,"Batemans Bay, NSW",-35.7072183,150.178289,reported_place,"[{""confidence"": ""medium"", ""country"": ""Australia"", ""evidence_text"": ""1979 - Bay Post Yowie Article"", ""geocode_source"": ""ayr_public_page_location_field"", ""latitude"": -35.7072183, ""location_notes"": ""Place/state extracted from public AYR page title or Location field; coordinates not asserted."", ""location_type"": ""locality"", ""longitude"": 150.178289, ""notes"": ""AYR page title/Location field; place is source-stated and awaits geocoding if needed."", ""place_name"": ""Batemans Bay, NSW"", ""relation_type"": ""reported_place"", ""state_territory"": ""NSW"", ""verification_status"": ""source_named_place_needs_geocode""}]",not_eligible,invalid_or_unverified_coordinate,Coordinates are present but not verified for public map export: source_named_place_needs_geocode
1038,1038,1038,"Charters Towers, QLD",-20.0714089,146.2709824,reported_place,"[{""confidence"": ""medium"", ""country"": ""Australia"", ""evidence_text"": ""1979 - Northern Miner Yowie Article"", ""geocode_source"": ""ayr_public_page_location_field"", ""latitude"": -20.0714089, ""location_notes"": ""Place/state extracted from public AYR page title or Location field; coordinates not asserted."", ""location_type"": ""locality"", ""longitude"": 146.2709824, ""notes"": ""AYR page title/Location field; place is source-stated and awaits geocoding if needed."", ""place_name"": ""Charters Towers, QLD"", ""relation_type"": ""reported_place"", ""state_territory"": ""QLD"", ""verification_status"": ""source_named_place_needs_geocode""}]",not_eligible,invalid_or_unverified_coordinate,Coordinates are present but not verified for public map export: source_named_place_needs_geocode
1039,1039,1039,"Brisbane, QLD",-27.4689623,153.0235009,reported_place,"[{""confidence"": ""medium"", ""country"": ""Australia"", ""evidence_text"": ""2000 - Sunday Mail Yowie Article"", ""geocode_source"": ""ayr_public_page_location_field"", ""latitude"": -27.4689623, ""location_notes"": ""Place/state extracted from public AYR page title or Location field; coordinates not asserted."", ""location_type"": ""locality"", ""longitude"": 153.0235009, ""notes"": ""AYR page title/Location field; place is source-stated and awaits geocoding if needed."", ""place_name"": ""Brisbane, QLD"", ""relation_type"": ""reported_place"", ""state_territory"": ""QLD"", ""verification_status"": ""source_named_place_needs_geocode""}]",not_eligible,invalid_or_unverified_coordinate,Coordinates are present but not verified for public map export: source_named_place_needs_geocode
1042,1042,1042,"Melbourne, VIC",-37.8142454,144.9631732,reported_place,"[{""confidence"": ""medium"", ""country"": ""Australia"", ""evidence_text"": ""2003 - Herald Sun Yowie Article"", ""geocode_source"": ""ayr_public_page_location_field"", ""latitude"": -37.8142454, ""location_notes"": ""Place/state extracted from public AYR page title or Location field; coordinates not asserted."", ""location_type"": ""locality"", ""longitude"": 144.9631732, ""notes"": ""AYR page title/Location field; place is source-stated and awaits geocoding if needed."", ""place_name"": ""Melbourne, VIC"", ""relation_type"": ""reported_place"", ""state_territory"": ""VIC"", ""verification_status"": ""source_named_place_needs_geocode""}]",not_eligible,invalid_or_unverified_coordinate,Coordinates are present but not verified for public map export: source_named_place_needs_geocode
1044,1044,1044,"Brisbane, QLD",-27.4689623,153.0235009,reported_place,"[{""confidence"": ""medium"", ""country"": ""Australia"", ""evidence_text"": ""2007 - Sunday Mail Yowie Article"", ""geocode_source"": ""ayr_public_page_location_field"", ""latitude"": -27.4689623, ""location_notes"": ""Place/state extracted from public AYR page title or Location field; coordinates not asserted."", ""location_type"": ""locality"", ""longitude"": 153.0235009, ""notes"": ""AYR page title/Location field; place is source-stated and awaits geocoding if needed."", ""place_name"": ""Brisbane, QLD"", ""relation_type"": ""reported_place"", ""state_territory"": ""QLD"", ""verification_status"": ""source_named_place_needs_geocode""}]",not_eligible,invalid_or_unverified_coordinate,Coordinates are present but not verified for public map export: source_named_place_needs_geocode
1045,1045,1045,"Kempsey, NSW",-30.9056457,152.5228021,reported_place,"[{""confidence"": ""medium"", ""country"": ""Australia"", ""evidence_text"": ""2009 - CFZ Michael Hardcastle Re: Yowie Kempsey"", ""geocode_source"": ""ayr_public_page_location_field"", ""latitude"": -30.9056457, ""location_notes"": ""Place/state extracted from public AYR page title or Location field; coordinates not asserted."", ""location_type"": ""locality"", ""longitude"": 152.5228021, ""notes"": ""AYR page title/Location field; place is source-stated and awaits geocoding if needed."", ""place_name"": ""Kempsey, NSW"", ""relation_type"": ""reported_place"", ""state_territory"": ""NSW"", ""verification_status"": ""source_named_place_needs_geocode""}]",not_eligible,invalid_or_unverified_coordinate,Coordinates are present but not verified for public map export: source_named_place_needs_geocode
1048,1048,1048,"Melbourne, VIC",-37.8142454,144.9631732,reported_place,"[{""confidence"": ""medium"", ""country"": ""Australia"", ""evidence_text"": ""2012 - Herald Sun Yowie Article"", ""geocode_source"": ""ayr_public_page_location_field"", ""latitude"": -37.8142454, ""location_notes"": ""Place/state extracted from public AYR page title or Location field; coordinates not asserted."", ""location_type"": ""locality"", ""longitude"": 144.9631732, ""notes"": ""AYR page title/Location field; place is source-stated and awaits geocoding if needed."", ""place_name"": ""Melbourne, VIC"", ""relation_type"": ""reported_place"", ""state_territory"": ""VIC"", ""verification_status"": ""source_named_place_needs_geocode""}]",not_eligible,invalid_or_unverified_coordinate,Coordinates are present but not verified for public map export: source_named_place_needs_geocode
1052,1052,1052,"Sunshine Coast, QLD",-26.7079095,152.8508329,reported_place,"[{""confidence"": ""medium"", ""country"": ""Australia"", ""evidence_text"": ""2015 - Sunshine Valley Gazette Yowie Article"", ""geocode_source"": ""ayr_public_page_location_field"", ""latitude"": -26.7079095, ""location_notes"": ""Place/state extracted from public AYR page title or Location field; coordinates not asserted."", ""location_type"": ""locality"", ""longitude"": 152.8508329, ""notes"": ""AYR page title/Location field; place is source-stated and awaits geocoding if needed."", ""place_name"": ""Sunshine Coast, QLD"", ""relation_type"": ""reported_place"", ""state_territory"": ""QLD"", ""verification_status"": ""source_named_place_needs_geocode""}]",not_eligible,invalid_or_unverified_coordinate,Coordinates are present but not verified for public map export: source_named_place_needs_geocode
1055,1055,1055,"Bendigo, VIC",-36.7590183,144.2826718,reported_place,"[{""confidence"": ""medium"", ""country"": ""Australia"", ""evidence_text"": ""2017 - Bendigo Advertiser Yowie Article 17-03-2017"", ""geocode_source"": ""ayr_public_page_location_field"", ""latitude"": -36.7590183, ""location_notes"": ""Place/state extracted from public AYR page title or Location field; coordinates not asserted."", ""location_type"": ""locality"", ""longitude"": 144.2826718, ""notes"": ""AYR page title/Location field; place is source-stated and awaits geocoding if needed."", ""place_name"": ""Bendigo, VIC"", ""relation_type"": ""reported_place"", ""state_territory"": ""VIC"", ""verification_status"": ""source_named_place_needs_geocode""}]",not_eligible,invalid_or_unverified_coordinate,Coordinates are present but not verified for public map export: source_named_place_needs_geocode
